solid OpenSCAD_Model
  facet normal -0.98077 -0.195165 0
    outer loop
      vertex 11.6855 10.2219 0
      vertex 11.6421 10.44 3
      vertex 11.6421 10.44 0
    endloop
  endfacet
  facet normal -0.98077 -0.195165 0
    outer loop
      vertex 11.6421 10.44 3
      vertex 11.6855 10.2219 0
      vertex 11.6855 10.2219 3
    endloop
  endfacet
  facet normal -0.997872 -0.0652057 0
    outer loop
      vertex 11.7 10 0
      vertex 11.6855 10.2219 3
      vertex 11.6855 10.2219 0
    endloop
  endfacet
  facet normal -0.997872 -0.0652057 0
    outer loop
      vertex 11.6855 10.2219 3
      vertex 11.7 10 0
      vertex 11.7 10 3
    endloop
  endfacet
  facet normal 0.442459 -0.896789 0
    outer loop
      vertex 9.15 11.4722 0
      vertex 9.34944 11.5706 3
      vertex 9.15 11.4722 3
    endloop
  endfacet
  facet normal 0.442459 -0.896789 0
    outer loop
      vertex 9.34944 11.5706 3
      vertex 9.15 11.4722 0
      vertex 9.34944 11.5706 0
    endloop
  endfacet
  facet normal -0.555426 -0.831566 0
    outer loop
      vertex 10.85 11.4722 0
      vertex 11.0349 11.3487 3
      vertex 10.85 11.4722 3
    endloop
  endfacet
  facet normal -0.555426 -0.831566 -0
    outer loop
      vertex 11.0349 11.3487 3
      vertex 10.85 11.4722 0
      vertex 11.0349 11.3487 0
    endloop
  endfacet
  facet normal 0.659291 -0.751888 0
    outer loop
      vertex 8.79792 11.2021 0
      vertex 8.96511 11.3487 3
      vertex 8.79792 11.2021 3
    endloop
  endfacet
  facet normal 0.659291 -0.751888 0
    outer loop
      vertex 8.96511 11.3487 3
      vertex 8.79792 11.2021 0
      vertex 8.96511 11.3487 0
    endloop
  endfacet
  facet normal -0.321363 0.946956 0
    outer loop
      vertex 10.6506 8.4294 0
      vertex 10.44 8.35793 3
      vertex 10.6506 8.4294 3
    endloop
  endfacet
  facet normal -0.321363 0.946956 0
    outer loop
      vertex 10.44 8.35793 3
      vertex 10.6506 8.4294 0
      vertex 10.44 8.35793 0
    endloop
  endfacet
  facet normal -0.946901 0.321525 0
    outer loop
      vertex 11.5706 9.34944 0
      vertex 11.6421 9.56001 3
      vertex 11.6421 9.56001 0
    endloop
  endfacet
  facet normal -0.946901 0.321525 0
    outer loop
      vertex 11.6421 9.56001 3
      vertex 11.5706 9.34944 0
      vertex 11.5706 9.34944 3
    endloop
  endfacet
  facet normal -0.321484 -0.946915 0
    outer loop
      vertex 10.44 11.6421 0
      vertex 10.6506 11.5706 3
      vertex 10.44 11.6421 3
    endloop
  endfacet
  facet normal -0.321484 -0.946915 -0
    outer loop
      vertex 10.6506 11.5706 3
      vertex 10.44 11.6421 0
      vertex 10.6506 11.5706 0
    endloop
  endfacet
  facet normal -0.195165 -0.98077 0
    outer loop
      vertex 10.2219 11.6855 0
      vertex 10.44 11.6421 3
      vertex 10.2219 11.6855 3
    endloop
  endfacet
  facet normal -0.195165 -0.98077 -0
    outer loop
      vertex 10.44 11.6421 3
      vertex 10.2219 11.6855 0
      vertex 10.44 11.6421 0
    endloop
  endfacet
  facet normal 0.555447 -0.831552 0
    outer loop
      vertex 8.96511 11.3487 0
      vertex 9.15 11.4722 3
      vertex 8.96511 11.3487 3
    endloop
  endfacet
  facet normal 0.555447 -0.831552 0
    outer loop
      vertex 9.15 11.4722 3
      vertex 8.96511 11.3487 0
      vertex 9.15 11.4722 0
    endloop
  endfacet
  facet normal -0.896789 0.442459 0
    outer loop
      vertex 11.4722 9.15 0
      vertex 11.5706 9.34944 3
      vertex 11.5706 9.34944 0
    endloop
  endfacet
  facet normal -0.896789 0.442459 0
    outer loop
      vertex 11.5706 9.34944 3
      vertex 11.4722 9.15 0
      vertex 11.4722 9.15 3
    endloop
  endfacet
  facet normal -0.659268 -0.751908 0
    outer loop
      vertex 11.0349 11.3487 0
      vertex 11.2021 11.2021 3
      vertex 11.0349 11.3487 3
    endloop
  endfacet
  facet normal -0.659268 -0.751908 -0
    outer loop
      vertex 11.2021 11.2021 3
      vertex 11.0349 11.3487 0
      vertex 11.2021 11.2021 0
    endloop
  endfacet
  facet normal -0.555551 0.831483 0
    outer loop
      vertex 11.0349 8.6513 0
      vertex 10.85 8.52776 3
      vertex 11.0349 8.6513 3
    endloop
  endfacet
  facet normal -0.555551 0.831483 0
    outer loop
      vertex 10.85 8.52776 3
      vertex 11.0349 8.6513 0
      vertex 10.85 8.52776 0
    endloop
  endfacet
  facet normal -0.44253 -0.896754 0
    outer loop
      vertex 10.6506 11.5706 0
      vertex 10.85 11.4722 3
      vertex 10.6506 11.5706 3
    endloop
  endfacet
  facet normal -0.44253 -0.896754 -0
    outer loop
      vertex 10.85 11.4722 3
      vertex 10.6506 11.5706 0
      vertex 10.85 11.4722 0
    endloop
  endfacet
  facet normal 0.659342 0.751844 -0
    outer loop
      vertex 8.96511 8.6513 0
      vertex 8.79792 8.79792 3
      vertex 8.96511 8.6513 3
    endloop
  endfacet
  facet normal 0.659342 0.751844 0
    outer loop
      vertex 8.79792 8.79792 3
      vertex 8.96511 8.6513 0
      vertex 8.79792 8.79792 0
    endloop
  endfacet
  facet normal 0.751844 0.659342 0
    outer loop
      vertex 8.79792 8.79792 3
      vertex 8.6513 8.96511 0
      vertex 8.6513 8.96511 3
    endloop
  endfacet
  facet normal 0.751844 0.659342 0
    outer loop
      vertex 8.6513 8.96511 0
      vertex 8.79792 8.79792 3
      vertex 8.79792 8.79792 0
    endloop
  endfacet
  facet normal 0.831469 0.555572 0
    outer loop
      vertex 8.6513 8.96511 3
      vertex 8.52776 9.15 0
      vertex 8.52776 9.15 3
    endloop
  endfacet
  facet normal 0.831469 0.555572 0
    outer loop
      vertex 8.52776 9.15 0
      vertex 8.6513 8.96511 3
      vertex 8.6513 8.96511 0
    endloop
  endfacet
  facet normal -0.831566 -0.555426 0
    outer loop
      vertex 11.4722 10.85 0
      vertex 11.3487 11.0349 3
      vertex 11.3487 11.0349 0
    endloop
  endfacet
  facet normal -0.831566 -0.555426 0
    outer loop
      vertex 11.3487 11.0349 3
      vertex 11.4722 10.85 0
      vertex 11.4722 10.85 3
    endloop
  endfacet
  facet normal -0.195122 0.980779 0
    outer loop
      vertex 10.44 8.35793 0
      vertex 10.2219 8.31454 3
      vertex 10.44 8.35793 3
    endloop
  endfacet
  facet normal -0.195122 0.980779 0
    outer loop
      vertex 10.2219 8.31454 3
      vertex 10.44 8.35793 0
      vertex 10.2219 8.31454 0
    endloop
  endfacet
  facet normal -0.980769 0.195173 0
    outer loop
      vertex 11.6421 9.56001 0
      vertex 11.6855 9.7781 3
      vertex 11.6855 9.7781 0
    endloop
  endfacet
  facet normal -0.980769 0.195173 0
    outer loop
      vertex 11.6855 9.7781 3
      vertex 11.6421 9.56001 0
      vertex 11.6421 9.56001 3
    endloop
  endfacet
  facet normal 0.946942 0.321404 0
    outer loop
      vertex 8.4294 9.34944 3
      vertex 8.35793 9.56001 0
      vertex 8.35793 9.56001 3
    endloop
  endfacet
  facet normal 0.946942 0.321404 0
    outer loop
      vertex 8.35793 9.56001 0
      vertex 8.4294 9.34944 3
      vertex 8.4294 9.34944 0
    endloop
  endfacet
  facet normal -0.442386 0.896825 0
    outer loop
      vertex 10.85 8.52776 0
      vertex 10.6506 8.4294 3
      vertex 10.85 8.52776 3
    endloop
  endfacet
  facet normal -0.442386 0.896825 0
    outer loop
      vertex 10.6506 8.4294 3
      vertex 10.85 8.52776 0
      vertex 10.6506 8.4294 0
    endloop
  endfacet
  facet normal -0.0652057 -0.997872 0
    outer loop
      vertex 10 11.7 0
      vertex 10.2219 11.6855 3
      vertex 10 11.7 3
    endloop
  endfacet
  facet normal -0.0652057 -0.997872 -0
    outer loop
      vertex 10.2219 11.6855 3
      vertex 10 11.7 0
      vertex 10.2219 11.6855 0
    endloop
  endfacet
  facet normal 0.321525 -0.946901 0
    outer loop
      vertex 9.34944 11.5706 0
      vertex 9.56001 11.6421 3
      vertex 9.34944 11.5706 3
    endloop
  endfacet
  facet normal 0.321525 -0.946901 0
    outer loop
      vertex 9.56001 11.6421 3
      vertex 9.34944 11.5706 0
      vertex 9.56001 11.6421 0
    endloop
  endfacet
  facet normal 0.195173 -0.980769 0
    outer loop
      vertex 9.56001 11.6421 0
      vertex 9.7781 11.6855 3
      vertex 9.56001 11.6421 3
    endloop
  endfacet
  facet normal 0.195173 -0.980769 0
    outer loop
      vertex 9.7781 11.6855 3
      vertex 9.56001 11.6421 0
      vertex 9.7781 11.6855 0
    endloop
  endfacet
  facet normal -0.896754 -0.44253 0
    outer loop
      vertex 11.5706 10.6506 0
      vertex 11.4722 10.85 3
      vertex 11.4722 10.85 0
    endloop
  endfacet
  facet normal -0.896754 -0.44253 0
    outer loop
      vertex 11.4722 10.85 3
      vertex 11.5706 10.6506 0
      vertex 11.5706 10.6506 3
    endloop
  endfacet
  facet normal -0.997872 0.0652057 0
    outer loop
      vertex 11.6855 9.7781 0
      vertex 11.7 10 3
      vertex 11.7 10 0
    endloop
  endfacet
  facet normal -0.997872 0.0652057 0
    outer loop
      vertex 11.7 10 3
      vertex 11.6855 9.7781 0
      vertex 11.6855 9.7781 3
    endloop
  endfacet
  facet normal -0.0653848 0.99786 0
    outer loop
      vertex 10.2219 8.31454 0
      vertex 10 8.3 3
      vertex 10.2219 8.31454 3
    endloop
  endfacet
  facet normal -0.0653848 0.99786 0
    outer loop
      vertex 10 8.3 3
      vertex 10.2219 8.31454 0
      vertex 10 8.3 0
    endloop
  endfacet
  facet normal -0.751908 -0.659268 0
    outer loop
      vertex 11.3487 11.0349 0
      vertex 11.2021 11.2021 3
      vertex 11.2021 11.2021 0
    endloop
  endfacet
  facet normal -0.751908 -0.659268 0
    outer loop
      vertex 11.2021 11.2021 3
      vertex 11.3487 11.0349 0
      vertex 11.3487 11.0349 3
    endloop
  endfacet
  facet normal 0.99786 0.0653848 0
    outer loop
      vertex 8.31454 9.7781 3
      vertex 8.3 10 0
      vertex 8.3 10 3
    endloop
  endfacet
  facet normal 0.99786 0.0653848 0
    outer loop
      vertex 8.3 10 0
      vertex 8.31454 9.7781 3
      vertex 8.31454 9.7781 0
    endloop
  endfacet
  facet normal -0.751888 0.659291 0
    outer loop
      vertex 11.2021 8.79792 0
      vertex 11.3487 8.96511 3
      vertex 11.3487 8.96511 0
    endloop
  endfacet
  facet normal -0.751888 0.659291 0
    outer loop
      vertex 11.3487 8.96511 3
      vertex 11.2021 8.79792 0
      vertex 11.2021 8.79792 3
    endloop
  endfacet
  facet normal 0.751863 -0.659319 0
    outer loop
      vertex 8.6513 11.0349 3
      vertex 8.79792 11.2021 0
      vertex 8.79792 11.2021 3
    endloop
  endfacet
  facet normal 0.751863 -0.659319 0
    outer loop
      vertex 8.79792 11.2021 0
      vertex 8.6513 11.0349 3
      vertex 8.6513 11.0349 0
    endloop
  endfacet
  facet normal 0.831483 -0.555551 0
    outer loop
      vertex 8.52776 10.85 3
      vertex 8.6513 11.0349 0
      vertex 8.6513 11.0349 3
    endloop
  endfacet
  facet normal 0.831483 -0.555551 0
    outer loop
      vertex 8.6513 11.0349 0
      vertex 8.52776 10.85 3
      vertex 8.52776 10.85 0
    endloop
  endfacet
  facet normal 0.0652057 -0.997872 0
    outer loop
      vertex 9.7781 11.6855 0
      vertex 10 11.7 3
      vertex 9.7781 11.6855 3
    endloop
  endfacet
  facet normal 0.0652057 -0.997872 0
    outer loop
      vertex 10 11.7 3
      vertex 9.7781 11.6855 0
      vertex 10 11.7 0
    endloop
  endfacet
  facet normal 0.980777 0.19513 0
    outer loop
      vertex 8.35793 9.56001 3
      vertex 8.31454 9.7781 0
      vertex 8.31454 9.7781 3
    endloop
  endfacet
  facet normal 0.980777 0.19513 0
    outer loop
      vertex 8.31454 9.7781 0
      vertex 8.35793 9.56001 3
      vertex 8.35793 9.56001 0
    endloop
  endfacet
  facet normal 0.321404 0.946942 -0
    outer loop
      vertex 9.56001 8.35793 0
      vertex 9.34944 8.4294 3
      vertex 9.56001 8.35793 3
    endloop
  endfacet
  facet normal 0.321404 0.946942 0
    outer loop
      vertex 9.34944 8.4294 3
      vertex 9.56001 8.35793 0
      vertex 9.34944 8.4294 0
    endloop
  endfacet
  facet normal -0.946915 -0.321484 0
    outer loop
      vertex 11.6421 10.44 0
      vertex 11.5706 10.6506 3
      vertex 11.5706 10.6506 0
    endloop
  endfacet
  facet normal -0.946915 -0.321484 0
    outer loop
      vertex 11.5706 10.6506 3
      vertex 11.6421 10.44 0
      vertex 11.6421 10.44 3
    endloop
  endfacet
  facet normal 0.442314 0.89686 -0
    outer loop
      vertex 9.34944 8.4294 0
      vertex 9.15 8.52776 3
      vertex 9.34944 8.4294 3
    endloop
  endfacet
  facet normal 0.442314 0.89686 0
    outer loop
      vertex 9.15 8.52776 3
      vertex 9.34944 8.4294 0
      vertex 9.15 8.52776 0
    endloop
  endfacet
  facet normal -0.831552 0.555447 0
    outer loop
      vertex 11.3487 8.96511 0
      vertex 11.4722 9.15 3
      vertex 11.4722 9.15 0
    endloop
  endfacet
  facet normal -0.831552 0.555447 0
    outer loop
      vertex 11.4722 9.15 3
      vertex 11.3487 8.96511 0
      vertex 11.3487 8.96511 3
    endloop
  endfacet
  facet normal 0.555572 0.831469 -0
    outer loop
      vertex 9.15 8.52776 0
      vertex 8.96511 8.6513 3
      vertex 9.15 8.52776 3
    endloop
  endfacet
  facet normal 0.555572 0.831469 0
    outer loop
      vertex 8.96511 8.6513 3
      vertex 9.15 8.52776 0
      vertex 8.96511 8.6513 0
    endloop
  endfacet
  facet normal 0.0653848 0.99786 -0
    outer loop
      vertex 10 8.3 0
      vertex 9.7781 8.31454 3
      vertex 10 8.3 3
    endloop
  endfacet
  facet normal 0.0653848 0.99786 0
    outer loop
      vertex 9.7781 8.31454 3
      vertex 10 8.3 0
      vertex 9.7781 8.31454 0
    endloop
  endfacet
  facet normal 0.19513 0.980777 -0
    outer loop
      vertex 9.7781 8.31454 0
      vertex 9.56001 8.35793 3
      vertex 9.7781 8.31454 3
    endloop
  endfacet
  facet normal 0.19513 0.980777 0
    outer loop
      vertex 9.56001 8.35793 3
      vertex 9.7781 8.31454 0
      vertex 9.56001 8.35793 0
    endloop
  endfacet
  facet normal 0.896825 -0.442386 0
    outer loop
      vertex 8.4294 10.6506 3
      vertex 8.52776 10.85 0
      vertex 8.52776 10.85 3
    endloop
  endfacet
  facet normal 0.896825 -0.442386 0
    outer loop
      vertex 8.52776 10.85 0
      vertex 8.4294 10.6506 3
      vertex 8.4294 10.6506 0
    endloop
  endfacet
  facet normal 0.89686 0.442314 0
    outer loop
      vertex 8.52776 9.15 3
      vertex 8.4294 9.34944 0
      vertex 8.4294 9.34944 3
    endloop
  endfacet
  facet normal 0.89686 0.442314 0
    outer loop
      vertex 8.4294 9.34944 0
      vertex 8.52776 9.15 3
      vertex 8.52776 9.15 0
    endloop
  endfacet
  facet normal 0.99786 -0.0653848 0
    outer loop
      vertex 8.3 10 3
      vertex 8.31454 10.2219 0
      vertex 8.31454 10.2219 3
    endloop
  endfacet
  facet normal 0.99786 -0.0653848 0
    outer loop
      vertex 8.31454 10.2219 0
      vertex 8.3 10 3
      vertex 8.3 10 0
    endloop
  endfacet
  facet normal 0.980779 -0.195122 0
    outer loop
      vertex 8.31454 10.2219 3
      vertex 8.35793 10.44 0
      vertex 8.35793 10.44 3
    endloop
  endfacet
  facet normal 0.980779 -0.195122 0
    outer loop
      vertex 8.35793 10.44 0
      vertex 8.31454 10.2219 3
      vertex 8.31454 10.2219 0
    endloop
  endfacet
  facet normal 0.946956 -0.321363 0
    outer loop
      vertex 8.35793 10.44 3
      vertex 8.4294 10.6506 0
      vertex 8.4294 10.6506 3
    endloop
  endfacet
  facet normal 0.946956 -0.321363 0
    outer loop
      vertex 8.4294 10.6506 0
      vertex 8.35793 10.44 3
      vertex 8.35793 10.44 0
    endloop
  endfacet
  facet normal -0.659319 0.751863 0
    outer loop
      vertex 11.2021 8.79792 0
      vertex 11.0349 8.6513 3
      vertex 11.2021 8.79792 3
    endloop
  endfacet
  facet normal -0.659319 0.751863 0
    outer loop
      vertex 11.0349 8.6513 3
      vertex 11.2021 8.79792 0
      vertex 11.0349 8.6513 0
    endloop
  endfacet
  facet normal -0.947101 -0.320937 0
    outer loop
      vertex 11.6421 132.04 0
      vertex 11.5706 132.251 3
      vertex 11.5706 132.251 0
    endloop
  endfacet
  facet normal -0.947101 -0.320937 0
    outer loop
      vertex 11.5706 132.251 3
      vertex 11.6421 132.04 0
      vertex 11.6421 132.04 3
    endloop
  endfacet
  facet normal -0.980753 -0.195251 0
    outer loop
      vertex 11.6855 131.822 0
      vertex 11.6421 132.04 3
      vertex 11.6421 132.04 0
    endloop
  endfacet
  facet normal -0.980753 -0.195251 0
    outer loop
      vertex 11.6421 132.04 3
      vertex 11.6855 131.822 0
      vertex 11.6855 131.822 3
    endloop
  endfacet
  facet normal -0.997874 -0.0651764 0
    outer loop
      vertex 11.7 131.6 0
      vertex 11.6855 131.822 3
      vertex 11.6855 131.822 0
    endloop
  endfacet
  facet normal -0.997874 -0.0651764 0
    outer loop
      vertex 11.6855 131.822 3
      vertex 11.7 131.6 0
      vertex 11.7 131.6 3
    endloop
  endfacet
  facet normal -0.751516 0.659714 0
    outer loop
      vertex 11.2021 130.398 0
      vertex 11.3487 130.565 3
      vertex 11.3487 130.565 0
    endloop
  endfacet
  facet normal -0.751516 0.659714 0
    outer loop
      vertex 11.3487 130.565 3
      vertex 11.2021 130.398 0
      vertex 11.2021 130.398 3
    endloop
  endfacet
  facet normal 0.319506 -0.947584 0
    outer loop
      vertex 9.34944 133.171 0
      vertex 9.56001 133.242 3
      vertex 9.34944 133.171 3
    endloop
  endfacet
  facet normal 0.319506 -0.947584 0
    outer loop
      vertex 9.56001 133.242 3
      vertex 9.34944 133.171 0
      vertex 9.56001 133.242 0
    endloop
  endfacet
  facet normal -0.0674441 -0.997723 0
    outer loop
      vertex 10 133.3 0
      vertex 10.2219 133.285 3
      vertex 10 133.3 3
    endloop
  endfacet
  facet normal -0.0674441 -0.997723 -0
    outer loop
      vertex 10.2219 133.285 3
      vertex 10 133.3 0
      vertex 10.2219 133.285 0
    endloop
  endfacet
  facet normal 0.831621 -0.555343 0
    outer loop
      vertex 8.52776 132.45 3
      vertex 8.6513 132.635 0
      vertex 8.6513 132.635 3
    endloop
  endfacet
  facet normal 0.831621 -0.555343 0
    outer loop
      vertex 8.6513 132.635 0
      vertex 8.52776 132.45 3
      vertex 8.52776 132.45 0
    endloop
  endfacet
  facet normal -0.831704 -0.555219 0
    outer loop
      vertex 11.4722 132.45 0
      vertex 11.3487 132.635 3
      vertex 11.3487 132.635 0
    endloop
  endfacet
  facet normal -0.831704 -0.555219 0
    outer loop
      vertex 11.3487 132.635 3
      vertex 11.4722 132.45 0
      vertex 11.4722 132.45 3
    endloop
  endfacet
  facet normal -0.319466 0.947598 0
    outer loop
      vertex 10.6506 130.029 0
      vertex 10.44 129.958 3
      vertex 10.6506 130.029 3
    endloop
  endfacet
  facet normal -0.319466 0.947598 0
    outer loop
      vertex 10.44 129.958 3
      vertex 10.6506 130.029 0
      vertex 10.44 129.958 0
    endloop
  endfacet
  facet normal -0.8964 -0.443245 0
    outer loop
      vertex 11.5706 132.251 0
      vertex 11.4722 132.45 3
      vertex 11.4722 132.45 0
    endloop
  endfacet
  facet normal -0.8964 -0.443245 0
    outer loop
      vertex 11.4722 132.45 3
      vertex 11.5706 132.251 0
      vertex 11.5706 132.251 3
    endloop
  endfacet
  facet normal -0.444696 0.895681 0
    outer loop
      vertex 10.85 130.128 0
      vertex 10.6506 130.029 3
      vertex 10.85 130.128 3
    endloop
  endfacet
  facet normal -0.444696 0.895681 0
    outer loop
      vertex 10.6506 130.029 3
      vertex 10.85 130.128 0
      vertex 10.6506 130.029 0
    endloop
  endfacet
  facet normal -0.947101 0.320937 0
    outer loop
      vertex 11.5706 130.949 0
      vertex 11.6421 131.16 3
      vertex 11.6421 131.16 0
    endloop
  endfacet
  facet normal -0.947101 0.320937 0
    outer loop
      vertex 11.6421 131.16 3
      vertex 11.5706 130.949 0
      vertex 11.5706 130.949 3
    endloop
  endfacet
  facet normal -0.319466 -0.947598 0
    outer loop
      vertex 10.44 133.242 0
      vertex 10.6506 133.171 3
      vertex 10.44 133.242 3
    endloop
  endfacet
  facet normal -0.319466 -0.947598 -0
    outer loop
      vertex 10.6506 133.171 3
      vertex 10.44 133.242 0
      vertex 10.6506 133.171 0
    endloop
  endfacet
  facet normal -0.997874 0.0651764 0
    outer loop
      vertex 11.6855 131.378 0
      vertex 11.7 131.6 3
      vertex 11.7 131.6 0
    endloop
  endfacet
  facet normal -0.997874 0.0651764 0
    outer loop
      vertex 11.7 131.6 3
      vertex 11.6855 131.378 0
      vertex 11.6855 131.378 3
    endloop
  endfacet
  facet normal 0.896472 0.4431 0
    outer loop
      vertex 8.52776 130.75 3
      vertex 8.4294 130.949 0
      vertex 8.4294 130.949 3
    endloop
  endfacet
  facet normal 0.896472 0.4431 0
    outer loop
      vertex 8.4294 130.949 0
      vertex 8.52776 130.75 3
      vertex 8.52776 130.75 0
    endloop
  endfacet
  facet normal -0.444696 -0.895681 0
    outer loop
      vertex 10.6506 133.171 0
      vertex 10.85 133.072 3
      vertex 10.6506 133.171 3
    endloop
  endfacet
  facet normal -0.444696 -0.895681 -0
    outer loop
      vertex 10.85 133.072 3
      vertex 10.6506 133.171 0
      vertex 10.85 133.072 0
    endloop
  endfacet
  facet normal 0.553889 -0.83259 0
    outer loop
      vertex 8.96511 132.949 0
      vertex 9.15 133.072 3
      vertex 8.96511 132.949 3
    endloop
  endfacet
  facet normal 0.553889 -0.83259 0
    outer loop
      vertex 9.15 133.072 3
      vertex 8.96511 132.949 0
      vertex 9.15 133.072 0
    endloop
  endfacet
  facet normal -0.660284 0.751016 0
    outer loop
      vertex 11.2021 130.398 0
      vertex 11.0349 130.251 3
      vertex 11.2021 130.398 3
    endloop
  endfacet
  facet normal -0.660284 0.751016 0
    outer loop
      vertex 11.0349 130.251 3
      vertex 11.2021 130.398 0
      vertex 11.0349 130.251 0
    endloop
  endfacet
  facet normal -0.980753 0.195251 0
    outer loop
      vertex 11.6421 131.16 0
      vertex 11.6855 131.378 3
      vertex 11.6855 131.378 0
    endloop
  endfacet
  facet normal -0.980753 0.195251 0
    outer loop
      vertex 11.6855 131.378 3
      vertex 11.6421 131.16 0
      vertex 11.6421 131.16 3
    endloop
  endfacet
  facet normal 0.896472 -0.4431 0
    outer loop
      vertex 8.4294 132.251 3
      vertex 8.52776 132.45 0
      vertex 8.52776 132.45 3
    endloop
  endfacet
  facet normal 0.896472 -0.4431 0
    outer loop
      vertex 8.52776 132.45 0
      vertex 8.4294 132.251 3
      vertex 8.4294 132.251 0
    endloop
  endfacet
  facet normal 0.947141 0.320816 0
    outer loop
      vertex 8.4294 130.949 3
      vertex 8.35793 131.16 0
      vertex 8.35793 131.16 3
    endloop
  endfacet
  facet normal 0.947141 0.320816 0
    outer loop
      vertex 8.35793 131.16 0
      vertex 8.4294 130.949 3
      vertex 8.4294 130.949 0
    endloop
  endfacet
  facet normal 0.751472 0.659765 0
    outer loop
      vertex 8.79792 130.398 3
      vertex 8.6513 130.565 0
      vertex 8.6513 130.565 3
    endloop
  endfacet
  facet normal 0.751472 0.659765 0
    outer loop
      vertex 8.6513 130.565 0
      vertex 8.79792 130.398 3
      vertex 8.79792 130.398 0
    endloop
  endfacet
  facet normal 0.831621 0.555343 0
    outer loop
      vertex 8.6513 130.565 3
      vertex 8.52776 130.75 0
      vertex 8.52776 130.75 3
    endloop
  endfacet
  facet normal 0.831621 0.555343 0
    outer loop
      vertex 8.52776 130.75 0
      vertex 8.6513 130.565 3
      vertex 8.6513 130.565 0
    endloop
  endfacet
  facet normal -0.193434 0.981113 0
    outer loop
      vertex 10.44 129.958 0
      vertex 10.2219 129.915 3
      vertex 10.44 129.958 3
    endloop
  endfacet
  facet normal -0.193434 0.981113 0
    outer loop
      vertex 10.2219 129.915 3
      vertex 10.44 129.958 0
      vertex 10.2219 129.915 0
    endloop
  endfacet
  facet normal 0.997862 0.0653555 0
    outer loop
      vertex 8.31454 131.378 3
      vertex 8.3 131.6 0
      vertex 8.3 131.6 3
    endloop
  endfacet
  facet normal 0.997862 0.0653555 0
    outer loop
      vertex 8.3 131.6 0
      vertex 8.31454 131.378 3
      vertex 8.31454 131.378 0
    endloop
  endfacet
  facet normal -0.8964 0.443245 0
    outer loop
      vertex 11.4722 130.75 0
      vertex 11.5706 130.949 3
      vertex 11.5706 130.949 0
    endloop
  endfacet
  facet normal -0.8964 0.443245 0
    outer loop
      vertex 11.5706 130.949 3
      vertex 11.4722 130.75 0
      vertex 11.4722 130.75 3
    endloop
  endfacet
  facet normal 0.0674441 -0.997723 0
    outer loop
      vertex 9.7781 133.285 0
      vertex 10 133.3 3
      vertex 9.7781 133.285 3
    endloop
  endfacet
  facet normal 0.0674441 -0.997723 0
    outer loop
      vertex 10 133.3 3
      vertex 9.7781 133.285 0
      vertex 10 133.3 0
    endloop
  endfacet
  facet normal -0.193434 -0.981113 0
    outer loop
      vertex 10.2219 133.285 0
      vertex 10.44 133.242 3
      vertex 10.2219 133.285 3
    endloop
  endfacet
  facet normal -0.193434 -0.981113 -0
    outer loop
      vertex 10.44 133.242 3
      vertex 10.2219 133.285 0
      vertex 10.44 133.242 0
    endloop
  endfacet
  facet normal 0.660306 -0.750997 0
    outer loop
      vertex 8.79792 132.802 0
      vertex 8.96511 132.949 3
      vertex 8.79792 132.802 3
    endloop
  endfacet
  facet normal 0.660306 -0.750997 0
    outer loop
      vertex 8.96511 132.949 3
      vertex 8.79792 132.802 0
      vertex 8.96511 132.949 0
    endloop
  endfacet
  facet normal -0.553869 -0.832604 0
    outer loop
      vertex 10.85 133.072 0
      vertex 11.0349 132.949 3
      vertex 10.85 133.072 3
    endloop
  endfacet
  facet normal -0.553869 -0.832604 -0
    outer loop
      vertex 11.0349 132.949 3
      vertex 10.85 133.072 0
      vertex 11.0349 132.949 0
    endloop
  endfacet
  facet normal 0.444625 -0.895717 0
    outer loop
      vertex 9.15 133.072 0
      vertex 9.34944 133.171 3
      vertex 9.15 133.072 3
    endloop
  endfacet
  facet normal 0.444625 -0.895717 0
    outer loop
      vertex 9.34944 133.171 3
      vertex 9.15 133.072 0
      vertex 9.34944 133.171 0
    endloop
  endfacet
  facet normal -0.751516 -0.659714 0
    outer loop
      vertex 11.3487 132.635 0
      vertex 11.2021 132.802 3
      vertex 11.2021 132.802 0
    endloop
  endfacet
  facet normal -0.751516 -0.659714 0
    outer loop
      vertex 11.2021 132.802 3
      vertex 11.3487 132.635 0
      vertex 11.3487 132.635 3
    endloop
  endfacet
  facet normal 0.193442 -0.981112 0
    outer loop
      vertex 9.56001 133.242 0
      vertex 9.7781 133.285 3
      vertex 9.56001 133.242 3
    endloop
  endfacet
  facet normal 0.193442 -0.981112 0
    outer loop
      vertex 9.7781 133.285 3
      vertex 9.56001 133.242 0
      vertex 9.7781 133.285 0
    endloop
  endfacet
  facet normal 0.980762 -0.195208 0
    outer loop
      vertex 8.31454 131.822 3
      vertex 8.35793 132.04 0
      vertex 8.35793 132.04 3
    endloop
  endfacet
  facet normal 0.980762 -0.195208 0
    outer loop
      vertex 8.35793 132.04 0
      vertex 8.31454 131.822 3
      vertex 8.31454 131.822 0
    endloop
  endfacet
  facet normal 0.193442 0.981112 -0
    outer loop
      vertex 9.7781 129.915 0
      vertex 9.56001 129.958 3
      vertex 9.7781 129.915 3
    endloop
  endfacet
  facet normal 0.193442 0.981112 0
    outer loop
      vertex 9.56001 129.958 3
      vertex 9.7781 129.915 0
      vertex 9.56001 129.958 0
    endloop
  endfacet
  facet normal 0.444625 0.895717 -0
    outer loop
      vertex 9.34944 130.029 0
      vertex 9.15 130.128 3
      vertex 9.34944 130.029 3
    endloop
  endfacet
  facet normal 0.444625 0.895717 0
    outer loop
      vertex 9.15 130.128 3
      vertex 9.34944 130.029 0
      vertex 9.15 130.128 0
    endloop
  endfacet
  facet normal -0.831704 0.555219 0
    outer loop
      vertex 11.3487 130.565 0
      vertex 11.4722 130.75 3
      vertex 11.4722 130.75 0
    endloop
  endfacet
  facet normal -0.831704 0.555219 0
    outer loop
      vertex 11.4722 130.75 3
      vertex 11.3487 130.565 0
      vertex 11.3487 130.565 3
    endloop
  endfacet
  facet normal -0.553869 0.832604 0
    outer loop
      vertex 11.0349 130.251 0
      vertex 10.85 130.128 3
      vertex 11.0349 130.251 3
    endloop
  endfacet
  facet normal -0.553869 0.832604 0
    outer loop
      vertex 10.85 130.128 3
      vertex 11.0349 130.251 0
      vertex 10.85 130.128 0
    endloop
  endfacet
  facet normal -0.660284 -0.751016 0
    outer loop
      vertex 11.0349 132.949 0
      vertex 11.2021 132.802 3
      vertex 11.0349 132.949 3
    endloop
  endfacet
  facet normal -0.660284 -0.751016 -0
    outer loop
      vertex 11.2021 132.802 3
      vertex 11.0349 132.949 0
      vertex 11.2021 132.802 0
    endloop
  endfacet
  facet normal 0.319506 0.947584 -0
    outer loop
      vertex 9.56001 129.958 0
      vertex 9.34944 130.029 3
      vertex 9.56001 129.958 3
    endloop
  endfacet
  facet normal 0.319506 0.947584 0
    outer loop
      vertex 9.34944 130.029 3
      vertex 9.56001 129.958 0
      vertex 9.34944 130.029 0
    endloop
  endfacet
  facet normal 0.0674441 0.997723 -0
    outer loop
      vertex 10 129.9 0
      vertex 9.7781 129.915 3
      vertex 10 129.9 3
    endloop
  endfacet
  facet normal 0.0674441 0.997723 0
    outer loop
      vertex 9.7781 129.915 3
      vertex 10 129.9 0
      vertex 9.7781 129.915 0
    endloop
  endfacet
  facet normal 0.660306 0.750997 -0
    outer loop
      vertex 8.96511 130.251 0
      vertex 8.79792 130.398 3
      vertex 8.96511 130.251 3
    endloop
  endfacet
  facet normal 0.660306 0.750997 0
    outer loop
      vertex 8.79792 130.398 3
      vertex 8.96511 130.251 0
      vertex 8.79792 130.398 0
    endloop
  endfacet
  facet normal 0.751472 -0.659765 0
    outer loop
      vertex 8.6513 132.635 3
      vertex 8.79792 132.802 0
      vertex 8.79792 132.802 3
    endloop
  endfacet
  facet normal 0.751472 -0.659765 0
    outer loop
      vertex 8.79792 132.802 0
      vertex 8.6513 132.635 3
      vertex 8.6513 132.635 0
    endloop
  endfacet
  facet normal -0.0674441 0.997723 0
    outer loop
      vertex 10.2219 129.915 0
      vertex 10 129.9 3
      vertex 10.2219 129.915 3
    endloop
  endfacet
  facet normal -0.0674441 0.997723 0
    outer loop
      vertex 10 129.9 3
      vertex 10.2219 129.915 0
      vertex 10 129.9 0
    endloop
  endfacet
  facet normal 0.997862 -0.0653555 0
    outer loop
      vertex 8.3 131.6 3
      vertex 8.31454 131.822 0
      vertex 8.31454 131.822 3
    endloop
  endfacet
  facet normal 0.997862 -0.0653555 0
    outer loop
      vertex 8.31454 131.822 0
      vertex 8.3 131.6 3
      vertex 8.3 131.6 0
    endloop
  endfacet
  facet normal 0.947141 -0.320816 0
    outer loop
      vertex 8.35793 132.04 3
      vertex 8.4294 132.251 0
      vertex 8.4294 132.251 3
    endloop
  endfacet
  facet normal 0.947141 -0.320816 0
    outer loop
      vertex 8.4294 132.251 0
      vertex 8.35793 132.04 3
      vertex 8.35793 132.04 0
    endloop
  endfacet
  facet normal 0.553889 0.83259 -0
    outer loop
      vertex 9.15 130.128 0
      vertex 8.96511 130.251 3
      vertex 9.15 130.128 3
    endloop
  endfacet
  facet normal 0.553889 0.83259 0
    outer loop
      vertex 8.96511 130.251 3
      vertex 9.15 130.128 0
      vertex 8.96511 130.251 0
    endloop
  endfacet
  facet normal 0.980762 0.195208 0
    outer loop
      vertex 8.35793 131.16 3
      vertex 8.31454 131.378 0
      vertex 8.31454 131.378 3
    endloop
  endfacet
  facet normal 0.980762 0.195208 0
    outer loop
      vertex 8.31454 131.378 0
      vertex 8.35793 131.16 3
      vertex 8.35793 131.16 0
    endloop
  endfacet
  facet normal -0.947598 -0.319466 0
    outer loop
      vertex 283.242 10.44 0
      vertex 283.171 10.6506 3
      vertex 283.171 10.6506 0
    endloop
  endfacet
  facet normal -0.947598 -0.319466 0
    outer loop
      vertex 283.171 10.6506 3
      vertex 283.242 10.44 0
      vertex 283.242 10.44 3
    endloop
  endfacet
  facet normal -0.997723 -0.0674441 0
    outer loop
      vertex 283.3 10 0
      vertex 283.285 10.2219 3
      vertex 283.285 10.2219 0
    endloop
  endfacet
  facet normal -0.997723 -0.0674441 0
    outer loop
      vertex 283.285 10.2219 3
      vertex 283.3 10 0
      vertex 283.3 10 3
    endloop
  endfacet
  facet normal 0.4431 0.896472 -0
    outer loop
      vertex 280.949 8.4294 0
      vertex 280.75 8.52776 3
      vertex 280.949 8.4294 3
    endloop
  endfacet
  facet normal 0.4431 0.896472 0
    outer loop
      vertex 280.75 8.52776 3
      vertex 280.949 8.4294 0
      vertex 280.75 8.52776 0
    endloop
  endfacet
  facet normal -0.555343 0.831621 0
    outer loop
      vertex 282.635 8.6513 0
      vertex 282.45 8.52776 3
      vertex 282.635 8.6513 3
    endloop
  endfacet
  facet normal -0.555343 0.831621 0
    outer loop
      vertex 282.45 8.52776 3
      vertex 282.635 8.6513 0
      vertex 282.45 8.52776 0
    endloop
  endfacet
  facet normal 0.981113 -0.193434 0
    outer loop
      vertex 279.915 10.2219 3
      vertex 279.958 10.44 0
      vertex 279.958 10.44 3
    endloop
  endfacet
  facet normal 0.981113 -0.193434 0
    outer loop
      vertex 279.958 10.44 0
      vertex 279.915 10.2219 3
      vertex 279.915 10.2219 0
    endloop
  endfacet
  facet normal 0.997723 -0.0674441 0
    outer loop
      vertex 279.9 10 3
      vertex 279.915 10.2219 0
      vertex 279.915 10.2219 3
    endloop
  endfacet
  facet normal 0.997723 -0.0674441 0
    outer loop
      vertex 279.915 10.2219 0
      vertex 279.9 10 3
      vertex 279.9 10 0
    endloop
  endfacet
  facet normal -0.750997 0.660306 0
    outer loop
      vertex 282.802 8.79792 0
      vertex 282.949 8.96511 3
      vertex 282.949 8.96511 0
    endloop
  endfacet
  facet normal -0.750997 0.660306 0
    outer loop
      vertex 282.949 8.96511 3
      vertex 282.802 8.79792 0
      vertex 282.802 8.79792 3
    endloop
  endfacet
  facet normal -0.83259 0.553889 0
    outer loop
      vertex 282.949 8.96511 0
      vertex 283.072 9.15 3
      vertex 283.072 9.15 0
    endloop
  endfacet
  facet normal -0.83259 0.553889 0
    outer loop
      vertex 283.072 9.15 3
      vertex 282.949 8.96511 0
      vertex 282.949 8.96511 3
    endloop
  endfacet
  facet normal 0.195251 -0.980753 0
    outer loop
      vertex 281.16 11.6421 0
      vertex 281.378 11.6855 3
      vertex 281.16 11.6421 3
    endloop
  endfacet
  facet normal 0.195251 -0.980753 0
    outer loop
      vertex 281.378 11.6855 3
      vertex 281.16 11.6421 0
      vertex 281.378 11.6855 0
    endloop
  endfacet
  facet normal -0.895681 -0.444696 0
    outer loop
      vertex 283.171 10.6506 0
      vertex 283.072 10.85 3
      vertex 283.072 10.85 0
    endloop
  endfacet
  facet normal -0.895681 -0.444696 0
    outer loop
      vertex 283.072 10.85 3
      vertex 283.171 10.6506 0
      vertex 283.171 10.6506 3
    endloop
  endfacet
  facet normal -0.659765 0.751472 0
    outer loop
      vertex 282.802 8.79792 0
      vertex 282.635 8.6513 3
      vertex 282.802 8.79792 3
    endloop
  endfacet
  facet normal -0.659765 0.751472 0
    outer loop
      vertex 282.635 8.6513 3
      vertex 282.802 8.79792 0
      vertex 282.635 8.6513 0
    endloop
  endfacet
  facet normal -0.320816 0.947141 0
    outer loop
      vertex 282.251 8.4294 0
      vertex 282.04 8.35793 3
      vertex 282.251 8.4294 3
    endloop
  endfacet
  facet normal -0.320816 0.947141 0
    outer loop
      vertex 282.04 8.35793 3
      vertex 282.251 8.4294 0
      vertex 282.04 8.35793 0
    endloop
  endfacet
  facet normal -0.981113 -0.193434 0
    outer loop
      vertex 283.285 10.2219 0
      vertex 283.242 10.44 3
      vertex 283.242 10.44 0
    endloop
  endfacet
  facet normal -0.981113 -0.193434 0
    outer loop
      vertex 283.242 10.44 3
      vertex 283.285 10.2219 0
      vertex 283.285 10.2219 3
    endloop
  endfacet
  facet normal -0.947584 0.319506 0
    outer loop
      vertex 283.171 9.34944 0
      vertex 283.242 9.56001 3
      vertex 283.242 9.56001 0
    endloop
  endfacet
  facet normal -0.947584 0.319506 0
    outer loop
      vertex 283.242 9.56001 3
      vertex 283.171 9.34944 0
      vertex 283.171 9.34944 3
    endloop
  endfacet
  facet normal 0.895717 0.444625 0
    outer loop
      vertex 280.128 9.15 3
      vertex 280.029 9.34944 0
      vertex 280.029 9.34944 3
    endloop
  endfacet
  facet normal 0.895717 0.444625 0
    outer loop
      vertex 280.029 9.34944 0
      vertex 280.128 9.15 3
      vertex 280.128 9.15 0
    endloop
  endfacet
  facet normal -0.659714 -0.751516 0
    outer loop
      vertex 282.635 11.3487 0
      vertex 282.802 11.2021 3
      vertex 282.635 11.3487 3
    endloop
  endfacet
  facet normal -0.659714 -0.751516 -0
    outer loop
      vertex 282.802 11.2021 3
      vertex 282.635 11.3487 0
      vertex 282.802 11.2021 0
    endloop
  endfacet
  facet normal 0.320937 -0.947101 0
    outer loop
      vertex 280.949 11.5706 0
      vertex 281.16 11.6421 3
      vertex 280.949 11.5706 3
    endloop
  endfacet
  facet normal 0.320937 -0.947101 0
    outer loop
      vertex 281.16 11.6421 3
      vertex 280.949 11.5706 0
      vertex 281.16 11.6421 0
    endloop
  endfacet
  facet normal -0.4431 0.896472 0
    outer loop
      vertex 282.45 8.52776 0
      vertex 282.251 8.4294 3
      vertex 282.45 8.52776 3
    endloop
  endfacet
  facet normal -0.4431 0.896472 0
    outer loop
      vertex 282.251 8.4294 3
      vertex 282.45 8.52776 0
      vertex 282.251 8.4294 0
    endloop
  endfacet
  facet normal -0.0651764 -0.997874 0
    outer loop
      vertex 281.6 11.7 0
      vertex 281.822 11.6855 3
      vertex 281.6 11.7 3
    endloop
  endfacet
  facet normal -0.0651764 -0.997874 -0
    outer loop
      vertex 281.822 11.6855 3
      vertex 281.6 11.7 0
      vertex 281.822 11.6855 0
    endloop
  endfacet
  facet normal -0.195208 0.980762 0
    outer loop
      vertex 282.04 8.35793 0
      vertex 281.822 8.31454 3
      vertex 282.04 8.35793 3
    endloop
  endfacet
  facet normal -0.195208 0.980762 0
    outer loop
      vertex 281.822 8.31454 3
      vertex 282.04 8.35793 0
      vertex 281.822 8.31454 0
    endloop
  endfacet
  facet normal 0.0651764 -0.997874 0
    outer loop
      vertex 281.378 11.6855 0
      vertex 281.6 11.7 3
      vertex 281.378 11.6855 3
    endloop
  endfacet
  facet normal 0.0651764 -0.997874 0
    outer loop
      vertex 281.6 11.7 3
      vertex 281.378 11.6855 0
      vertex 281.6 11.7 0
    endloop
  endfacet
  facet normal -0.895717 0.444625 0
    outer loop
      vertex 283.072 9.15 0
      vertex 283.171 9.34944 3
      vertex 283.171 9.34944 0
    endloop
  endfacet
  facet normal -0.895717 0.444625 0
    outer loop
      vertex 283.171 9.34944 3
      vertex 283.072 9.15 0
      vertex 283.072 9.15 3
    endloop
  endfacet
  facet normal -0.443245 -0.8964 0
    outer loop
      vertex 282.251 11.5706 0
      vertex 282.45 11.4722 3
      vertex 282.251 11.5706 3
    endloop
  endfacet
  facet normal -0.443245 -0.8964 -0
    outer loop
      vertex 282.45 11.4722 3
      vertex 282.251 11.5706 0
      vertex 282.45 11.4722 0
    endloop
  endfacet
  facet normal 0.981112 0.193442 0
    outer loop
      vertex 279.958 9.56001 3
      vertex 279.915 9.7781 0
      vertex 279.915 9.7781 3
    endloop
  endfacet
  facet normal 0.981112 0.193442 0
    outer loop
      vertex 279.915 9.7781 0
      vertex 279.958 9.56001 3
      vertex 279.958 9.56001 0
    endloop
  endfacet
  facet normal 0.947584 0.319506 0
    outer loop
      vertex 280.029 9.34944 3
      vertex 279.958 9.56001 0
      vertex 279.958 9.56001 3
    endloop
  endfacet
  facet normal 0.947584 0.319506 0
    outer loop
      vertex 279.958 9.56001 0
      vertex 280.029 9.34944 3
      vertex 280.029 9.34944 0
    endloop
  endfacet
  facet normal 0.895681 -0.444696 0
    outer loop
      vertex 280.029 10.6506 3
      vertex 280.128 10.85 0
      vertex 280.128 10.85 3
    endloop
  endfacet
  facet normal 0.895681 -0.444696 0
    outer loop
      vertex 280.128 10.85 0
      vertex 280.029 10.6506 3
      vertex 280.029 10.6506 0
    endloop
  endfacet
  facet normal -0.997723 0.0674441 0
    outer loop
      vertex 283.285 9.7781 0
      vertex 283.3 10 3
      vertex 283.3 10 0
    endloop
  endfacet
  facet normal -0.997723 0.0674441 0
    outer loop
      vertex 283.3 10 3
      vertex 283.285 9.7781 0
      vertex 283.285 9.7781 3
    endloop
  endfacet
  facet normal -0.555219 -0.831704 0
    outer loop
      vertex 282.45 11.4722 0
      vertex 282.635 11.3487 3
      vertex 282.45 11.4722 3
    endloop
  endfacet
  facet normal -0.555219 -0.831704 -0
    outer loop
      vertex 282.635 11.3487 3
      vertex 282.45 11.4722 0
      vertex 282.635 11.3487 0
    endloop
  endfacet
  facet normal 0.195208 0.980762 -0
    outer loop
      vertex 281.378 8.31454 0
      vertex 281.16 8.35793 3
      vertex 281.378 8.31454 3
    endloop
  endfacet
  facet normal 0.195208 0.980762 0
    outer loop
      vertex 281.16 8.35793 3
      vertex 281.378 8.31454 0
      vertex 281.16 8.35793 0
    endloop
  endfacet
  facet normal 0.659765 0.751472 -0
    outer loop
      vertex 280.565 8.6513 0
      vertex 280.398 8.79792 3
      vertex 280.565 8.6513 3
    endloop
  endfacet
  facet normal 0.659765 0.751472 0
    outer loop
      vertex 280.398 8.79792 3
      vertex 280.565 8.6513 0
      vertex 280.398 8.79792 0
    endloop
  endfacet
  facet normal -0.832604 -0.553869 0
    outer loop
      vertex 283.072 10.85 0
      vertex 282.949 11.0349 3
      vertex 282.949 11.0349 0
    endloop
  endfacet
  facet normal -0.832604 -0.553869 0
    outer loop
      vertex 282.949 11.0349 3
      vertex 283.072 10.85 0
      vertex 283.072 10.85 3
    endloop
  endfacet
  facet normal -0.320937 -0.947101 0
    outer loop
      vertex 282.04 11.6421 0
      vertex 282.251 11.5706 3
      vertex 282.04 11.6421 3
    endloop
  endfacet
  facet normal -0.320937 -0.947101 -0
    outer loop
      vertex 282.251 11.5706 3
      vertex 282.04 11.6421 0
      vertex 282.251 11.5706 0
    endloop
  endfacet
  facet normal -0.0653555 0.997862 0
    outer loop
      vertex 281.822 8.31454 0
      vertex 281.6 8.3 3
      vertex 281.822 8.31454 3
    endloop
  endfacet
  facet normal -0.0653555 0.997862 0
    outer loop
      vertex 281.6 8.3 3
      vertex 281.822 8.31454 0
      vertex 281.6 8.3 0
    endloop
  endfacet
  facet normal 0.555219 -0.831704 0
    outer loop
      vertex 280.565 11.3487 0
      vertex 280.75 11.4722 3
      vertex 280.565 11.3487 3
    endloop
  endfacet
  facet normal 0.555219 -0.831704 0
    outer loop
      vertex 280.75 11.4722 3
      vertex 280.565 11.3487 0
      vertex 280.75 11.4722 0
    endloop
  endfacet
  facet normal -0.981112 0.193442 0
    outer loop
      vertex 283.242 9.56001 0
      vertex 283.285 9.7781 3
      vertex 283.285 9.7781 0
    endloop
  endfacet
  facet normal -0.981112 0.193442 0
    outer loop
      vertex 283.285 9.7781 3
      vertex 283.242 9.56001 0
      vertex 283.242 9.56001 3
    endloop
  endfacet
  facet normal 0.832604 -0.553869 0
    outer loop
      vertex 280.128 10.85 3
      vertex 280.251 11.0349 0
      vertex 280.251 11.0349 3
    endloop
  endfacet
  facet normal 0.832604 -0.553869 0
    outer loop
      vertex 280.251 11.0349 0
      vertex 280.128 10.85 3
      vertex 280.128 10.85 0
    endloop
  endfacet
  facet normal 0.751016 -0.660284 0
    outer loop
      vertex 280.251 11.0349 3
      vertex 280.398 11.2021 0
      vertex 280.398 11.2021 3
    endloop
  endfacet
  facet normal 0.751016 -0.660284 0
    outer loop
      vertex 280.398 11.2021 0
      vertex 280.251 11.0349 3
      vertex 280.251 11.0349 0
    endloop
  endfacet
  facet normal 0.947598 -0.319466 0
    outer loop
      vertex 279.958 10.44 3
      vertex 280.029 10.6506 0
      vertex 280.029 10.6506 3
    endloop
  endfacet
  facet normal 0.947598 -0.319466 0
    outer loop
      vertex 280.029 10.6506 0
      vertex 279.958 10.44 3
      vertex 279.958 10.44 0
    endloop
  endfacet
  facet normal 0.443245 -0.8964 0
    outer loop
      vertex 280.75 11.4722 0
      vertex 280.949 11.5706 3
      vertex 280.75 11.4722 3
    endloop
  endfacet
  facet normal 0.443245 -0.8964 0
    outer loop
      vertex 280.949 11.5706 3
      vertex 280.75 11.4722 0
      vertex 280.949 11.5706 0
    endloop
  endfacet
  facet normal 0.555343 0.831621 -0
    outer loop
      vertex 280.75 8.52776 0
      vertex 280.565 8.6513 3
      vertex 280.75 8.52776 3
    endloop
  endfacet
  facet normal 0.555343 0.831621 0
    outer loop
      vertex 280.565 8.6513 3
      vertex 280.75 8.52776 0
      vertex 280.565 8.6513 0
    endloop
  endfacet
  facet normal -0.195251 -0.980753 0
    outer loop
      vertex 281.822 11.6855 0
      vertex 282.04 11.6421 3
      vertex 281.822 11.6855 3
    endloop
  endfacet
  facet normal -0.195251 -0.980753 -0
    outer loop
      vertex 282.04 11.6421 3
      vertex 281.822 11.6855 0
      vertex 282.04 11.6421 0
    endloop
  endfacet
  facet normal 0.659714 -0.751516 0
    outer loop
      vertex 280.398 11.2021 0
      vertex 280.565 11.3487 3
      vertex 280.398 11.2021 3
    endloop
  endfacet
  facet normal 0.659714 -0.751516 0
    outer loop
      vertex 280.565 11.3487 3
      vertex 280.398 11.2021 0
      vertex 280.565 11.3487 0
    endloop
  endfacet
  facet normal 0.320816 0.947141 -0
    outer loop
      vertex 281.16 8.35793 0
      vertex 280.949 8.4294 3
      vertex 281.16 8.35793 3
    endloop
  endfacet
  facet normal 0.320816 0.947141 0
    outer loop
      vertex 280.949 8.4294 3
      vertex 281.16 8.35793 0
      vertex 280.949 8.4294 0
    endloop
  endfacet
  facet normal 0.0653555 0.997862 -0
    outer loop
      vertex 281.6 8.3 0
      vertex 281.378 8.31454 3
      vertex 281.6 8.3 3
    endloop
  endfacet
  facet normal 0.0653555 0.997862 0
    outer loop
      vertex 281.378 8.31454 3
      vertex 281.6 8.3 0
      vertex 281.378 8.31454 0
    endloop
  endfacet
  facet normal -0.751016 -0.660284 0
    outer loop
      vertex 282.949 11.0349 0
      vertex 282.802 11.2021 3
      vertex 282.802 11.2021 0
    endloop
  endfacet
  facet normal -0.751016 -0.660284 0
    outer loop
      vertex 282.802 11.2021 3
      vertex 282.949 11.0349 0
      vertex 282.949 11.0349 3
    endloop
  endfacet
  facet normal 0.997723 0.0674441 0
    outer loop
      vertex 279.915 9.7781 3
      vertex 279.9 10 0
      vertex 279.9 10 3
    endloop
  endfacet
  facet normal 0.997723 0.0674441 0
    outer loop
      vertex 279.9 10 0
      vertex 279.915 9.7781 3
      vertex 279.915 9.7781 0
    endloop
  endfacet
  facet normal 0.83259 0.553889 0
    outer loop
      vertex 280.251 8.96511 3
      vertex 280.128 9.15 0
      vertex 280.128 9.15 3
    endloop
  endfacet
  facet normal 0.83259 0.553889 0
    outer loop
      vertex 280.128 9.15 0
      vertex 280.251 8.96511 3
      vertex 280.251 8.96511 0
    endloop
  endfacet
  facet normal 0.750997 0.660306 0
    outer loop
      vertex 280.398 8.79792 3
      vertex 280.251 8.96511 0
      vertex 280.251 8.96511 3
    endloop
  endfacet
  facet normal 0.750997 0.660306 0
    outer loop
      vertex 280.251 8.96511 0
      vertex 280.398 8.79792 3
      vertex 280.398 8.79792 0
    endloop
  endfacet
  facet normal -0.947781 -0.318922 0
    outer loop
      vertex 283.242 132.04 0
      vertex 283.171 132.251 3
      vertex 283.171 132.251 0
    endloop
  endfacet
  facet normal -0.947781 -0.318922 0
    outer loop
      vertex 283.171 132.251 3
      vertex 283.242 132.04 0
      vertex 283.242 132.04 3
    endloop
  endfacet
  facet normal -0.997725 -0.0674139 0
    outer loop
      vertex 283.3 131.6 0
      vertex 283.285 131.822 3
      vertex 283.285 131.822 0
    endloop
  endfacet
  facet normal -0.997725 -0.0674139 0
    outer loop
      vertex 283.285 131.822 3
      vertex 283.3 131.6 0
      vertex 283.3 131.6 3
    endloop
  endfacet
  facet normal -0.895325 0.445413 0
    outer loop
      vertex 283.072 130.75 0
      vertex 283.171 130.949 3
      vertex 283.171 130.949 0
    endloop
  endfacet
  facet normal -0.895325 0.445413 0
    outer loop
      vertex 283.171 130.949 3
      vertex 283.072 130.75 0
      vertex 283.072 130.75 3
    endloop
  endfacet
  facet normal 0.895325 -0.445413 0
    outer loop
      vertex 280.029 132.251 3
      vertex 280.128 132.45 0
      vertex 280.128 132.45 3
    endloop
  endfacet
  facet normal 0.895325 -0.445413 0
    outer loop
      vertex 280.128 132.45 0
      vertex 280.029 132.251 3
      vertex 280.029 132.251 0
    endloop
  endfacet
  facet normal -0.750624 0.660729 0
    outer loop
      vertex 282.802 130.398 0
      vertex 282.949 130.565 3
      vertex 282.949 130.565 0
    endloop
  endfacet
  facet normal -0.750624 0.660729 0
    outer loop
      vertex 282.949 130.565 3
      vertex 282.802 130.398 0
      vertex 282.802 130.398 3
    endloop
  endfacet
  facet normal 0.553661 0.832742 -0
    outer loop
      vertex 280.75 130.128 0
      vertex 280.565 130.251 3
      vertex 280.75 130.128 3
    endloop
  endfacet
  facet normal 0.553661 0.832742 0
    outer loop
      vertex 280.565 130.251 3
      vertex 280.75 130.128 0
      vertex 280.565 130.251 0
    endloop
  endfacet
  facet normal -0.895325 -0.445413 0
    outer loop
      vertex 283.171 132.251 0
      vertex 283.072 132.45 3
      vertex 283.072 132.45 0
    endloop
  endfacet
  facet normal -0.895325 -0.445413 0
    outer loop
      vertex 283.072 132.45 3
      vertex 283.171 132.251 0
      vertex 283.171 132.251 3
    endloop
  endfacet
  facet normal 0.947781 -0.318922 0
    outer loop
      vertex 279.958 132.04 3
      vertex 280.029 132.251 0
      vertex 280.029 132.251 3
    endloop
  endfacet
  facet normal 0.947781 -0.318922 0
    outer loop
      vertex 280.029 132.251 0
      vertex 279.958 132.04 3
      vertex 279.958 132.04 0
    endloop
  endfacet
  facet normal -0.981097 -0.193519 0
    outer loop
      vertex 283.285 131.822 0
      vertex 283.242 132.04 3
      vertex 283.242 132.04 0
    endloop
  endfacet
  facet normal -0.981097 -0.193519 0
    outer loop
      vertex 283.242 132.04 3
      vertex 283.285 131.822 0
      vertex 283.285 131.822 3
    endloop
  endfacet
  facet normal -0.947781 0.318922 0
    outer loop
      vertex 283.171 130.949 0
      vertex 283.242 131.16 3
      vertex 283.242 131.16 0
    endloop
  endfacet
  facet normal -0.947781 0.318922 0
    outer loop
      vertex 283.242 131.16 3
      vertex 283.171 130.949 0
      vertex 283.171 130.949 3
    endloop
  endfacet
  facet normal 0.947781 0.318922 0
    outer loop
      vertex 280.029 130.949 3
      vertex 279.958 131.16 0
      vertex 279.958 131.16 3
    endloop
  endfacet
  facet normal 0.947781 0.318922 0
    outer loop
      vertex 279.958 131.16 0
      vertex 280.029 130.949 3
      vertex 280.029 130.949 0
    endloop
  endfacet
  facet normal -0.445413 0.895325 0
    outer loop
      vertex 282.45 130.128 0
      vertex 282.251 130.029 3
      vertex 282.45 130.128 3
    endloop
  endfacet
  facet normal -0.445413 0.895325 0
    outer loop
      vertex 282.251 130.029 3
      vertex 282.45 130.128 0
      vertex 282.251 130.029 0
    endloop
  endfacet
  facet normal -0.553661 0.832742 0
    outer loop
      vertex 282.635 130.251 0
      vertex 282.45 130.128 3
      vertex 282.635 130.251 3
    endloop
  endfacet
  facet normal -0.553661 0.832742 0
    outer loop
      vertex 282.45 130.128 3
      vertex 282.635 130.251 0
      vertex 282.45 130.128 0
    endloop
  endfacet
  facet normal -0.981097 0.193519 0
    outer loop
      vertex 283.242 131.16 0
      vertex 283.285 131.378 3
      vertex 283.285 131.378 0
    endloop
  endfacet
  facet normal -0.981097 0.193519 0
    outer loop
      vertex 283.285 131.378 3
      vertex 283.242 131.16 0
      vertex 283.242 131.16 3
    endloop
  endfacet
  facet normal -0.997725 0.0674139 0
    outer loop
      vertex 283.285 131.378 0
      vertex 283.3 131.6 3
      vertex 283.3 131.6 0
    endloop
  endfacet
  facet normal -0.997725 0.0674139 0
    outer loop
      vertex 283.3 131.6 3
      vertex 283.285 131.378 0
      vertex 283.285 131.378 3
    endloop
  endfacet
  facet normal -0.193519 0.981097 0
    outer loop
      vertex 282.04 129.958 0
      vertex 281.822 129.915 3
      vertex 282.04 129.958 3
    endloop
  endfacet
  facet normal -0.193519 0.981097 0
    outer loop
      vertex 281.822 129.915 3
      vertex 282.04 129.958 0
      vertex 281.822 129.915 0
    endloop
  endfacet
  facet normal 0.445413 -0.895325 0
    outer loop
      vertex 280.75 133.072 0
      vertex 280.949 133.171 3
      vertex 280.75 133.072 3
    endloop
  endfacet
  facet normal 0.445413 -0.895325 0
    outer loop
      vertex 280.949 133.171 3
      vertex 280.75 133.072 0
      vertex 280.949 133.171 0
    endloop
  endfacet
  facet normal 0.997725 0.0674139 0
    outer loop
      vertex 279.915 131.378 3
      vertex 279.9 131.6 0
      vertex 279.9 131.6 3
    endloop
  endfacet
  facet normal 0.997725 0.0674139 0
    outer loop
      vertex 279.9 131.6 0
      vertex 279.915 131.378 3
      vertex 279.915 131.378 0
    endloop
  endfacet
  facet normal -0.553661 -0.832742 0
    outer loop
      vertex 282.45 133.072 0
      vertex 282.635 132.949 3
      vertex 282.45 133.072 3
    endloop
  endfacet
  facet normal -0.553661 -0.832742 -0
    outer loop
      vertex 282.635 132.949 3
      vertex 282.45 133.072 0
      vertex 282.635 132.949 0
    endloop
  endfacet
  facet normal 0.981097 0.193519 0
    outer loop
      vertex 279.958 131.16 3
      vertex 279.915 131.378 0
      vertex 279.915 131.378 3
    endloop
  endfacet
  facet normal 0.981097 0.193519 0
    outer loop
      vertex 279.915 131.378 0
      vertex 279.958 131.16 3
      vertex 279.958 131.16 0
    endloop
  endfacet
  facet normal -0.750624 -0.660729 0
    outer loop
      vertex 282.949 132.635 0
      vertex 282.802 132.802 3
      vertex 282.802 132.802 0
    endloop
  endfacet
  facet normal -0.750624 -0.660729 0
    outer loop
      vertex 282.802 132.802 3
      vertex 282.949 132.635 0
      vertex 282.949 132.635 3
    endloop
  endfacet
  facet normal 0.445413 0.895325 -0
    outer loop
      vertex 280.949 130.029 0
      vertex 280.75 130.128 3
      vertex 280.949 130.029 3
    endloop
  endfacet
  facet normal 0.445413 0.895325 0
    outer loop
      vertex 280.75 130.128 3
      vertex 280.949 130.029 0
      vertex 280.75 130.128 0
    endloop
  endfacet
  facet normal 0.997725 -0.0674139 0
    outer loop
      vertex 279.9 131.6 3
      vertex 279.915 131.822 0
      vertex 279.915 131.822 3
    endloop
  endfacet
  facet normal 0.997725 -0.0674139 0
    outer loop
      vertex 279.915 131.822 0
      vertex 279.9 131.6 3
      vertex 279.9 131.6 0
    endloop
  endfacet
  facet normal -0.660729 -0.750624 0
    outer loop
      vertex 282.635 132.949 0
      vertex 282.802 132.802 3
      vertex 282.635 132.949 3
    endloop
  endfacet
  facet normal -0.660729 -0.750624 -0
    outer loop
      vertex 282.802 132.802 3
      vertex 282.635 132.949 0
      vertex 282.802 132.802 0
    endloop
  endfacet
  facet normal -0.318922 -0.947781 0
    outer loop
      vertex 282.04 133.242 0
      vertex 282.251 133.171 3
      vertex 282.04 133.242 3
    endloop
  endfacet
  facet normal -0.318922 -0.947781 -0
    outer loop
      vertex 282.251 133.171 3
      vertex 282.04 133.242 0
      vertex 282.251 133.171 0
    endloop
  endfacet
  facet normal -0.318922 0.947781 0
    outer loop
      vertex 282.251 130.029 0
      vertex 282.04 129.958 3
      vertex 282.251 130.029 3
    endloop
  endfacet
  facet normal -0.318922 0.947781 0
    outer loop
      vertex 282.04 129.958 3
      vertex 282.251 130.029 0
      vertex 282.04 129.958 0
    endloop
  endfacet
  facet normal 0.318922 0.947781 -0
    outer loop
      vertex 281.16 129.958 0
      vertex 280.949 130.029 3
      vertex 281.16 129.958 3
    endloop
  endfacet
  facet normal 0.318922 0.947781 0
    outer loop
      vertex 280.949 130.029 3
      vertex 281.16 129.958 0
      vertex 280.949 130.029 0
    endloop
  endfacet
  facet normal 0.750624 -0.660729 0
    outer loop
      vertex 280.251 132.635 3
      vertex 280.398 132.802 0
      vertex 280.398 132.802 3
    endloop
  endfacet
  facet normal 0.750624 -0.660729 0
    outer loop
      vertex 280.398 132.802 0
      vertex 280.251 132.635 3
      vertex 280.251 132.635 0
    endloop
  endfacet
  facet normal 0.832742 -0.553661 0
    outer loop
      vertex 280.128 132.45 3
      vertex 280.251 132.635 0
      vertex 280.251 132.635 3
    endloop
  endfacet
  facet normal 0.832742 -0.553661 0
    outer loop
      vertex 280.251 132.635 0
      vertex 280.128 132.45 3
      vertex 280.128 132.45 0
    endloop
  endfacet
  facet normal -0.832742 -0.553661 0
    outer loop
      vertex 283.072 132.45 0
      vertex 282.949 132.635 3
      vertex 282.949 132.635 0
    endloop
  endfacet
  facet normal -0.832742 -0.553661 0
    outer loop
      vertex 282.949 132.635 3
      vertex 283.072 132.45 0
      vertex 283.072 132.45 3
    endloop
  endfacet
  facet normal 0.193519 -0.981097 0
    outer loop
      vertex 281.16 133.242 0
      vertex 281.378 133.285 3
      vertex 281.16 133.242 3
    endloop
  endfacet
  facet normal 0.193519 -0.981097 0
    outer loop
      vertex 281.378 133.285 3
      vertex 281.16 133.242 0
      vertex 281.378 133.285 0
    endloop
  endfacet
  facet normal 0.660729 -0.750624 0
    outer loop
      vertex 280.398 132.802 0
      vertex 280.565 132.949 3
      vertex 280.398 132.802 3
    endloop
  endfacet
  facet normal 0.660729 -0.750624 0
    outer loop
      vertex 280.565 132.949 3
      vertex 280.398 132.802 0
      vertex 280.565 132.949 0
    endloop
  endfacet
  facet normal 0.553661 -0.832742 0
    outer loop
      vertex 280.565 132.949 0
      vertex 280.75 133.072 3
      vertex 280.565 132.949 3
    endloop
  endfacet
  facet normal 0.553661 -0.832742 0
    outer loop
      vertex 280.75 133.072 3
      vertex 280.565 132.949 0
      vertex 280.75 133.072 0
    endloop
  endfacet
  facet normal -0.193519 -0.981097 0
    outer loop
      vertex 281.822 133.285 0
      vertex 282.04 133.242 3
      vertex 281.822 133.285 3
    endloop
  endfacet
  facet normal -0.193519 -0.981097 -0
    outer loop
      vertex 282.04 133.242 3
      vertex 281.822 133.285 0
      vertex 282.04 133.242 0
    endloop
  endfacet
  facet normal -0.660729 0.750624 0
    outer loop
      vertex 282.802 130.398 0
      vertex 282.635 130.251 3
      vertex 282.802 130.398 3
    endloop
  endfacet
  facet normal -0.660729 0.750624 0
    outer loop
      vertex 282.635 130.251 3
      vertex 282.802 130.398 0
      vertex 282.635 130.251 0
    endloop
  endfacet
  facet normal 0.895325 0.445413 0
    outer loop
      vertex 280.128 130.75 3
      vertex 280.029 130.949 0
      vertex 280.029 130.949 3
    endloop
  endfacet
  facet normal 0.895325 0.445413 0
    outer loop
      vertex 280.029 130.949 0
      vertex 280.128 130.75 3
      vertex 280.128 130.75 0
    endloop
  endfacet
  facet normal -0.0674139 -0.997725 0
    outer loop
      vertex 281.6 133.3 0
      vertex 281.822 133.285 3
      vertex 281.6 133.3 3
    endloop
  endfacet
  facet normal -0.0674139 -0.997725 -0
    outer loop
      vertex 281.822 133.285 3
      vertex 281.6 133.3 0
      vertex 281.822 133.285 0
    endloop
  endfacet
  facet normal -0.445413 -0.895325 0
    outer loop
      vertex 282.251 133.171 0
      vertex 282.45 133.072 3
      vertex 282.251 133.171 3
    endloop
  endfacet
  facet normal -0.445413 -0.895325 -0
    outer loop
      vertex 282.45 133.072 3
      vertex 282.251 133.171 0
      vertex 282.45 133.072 0
    endloop
  endfacet
  facet normal 0.750624 0.660729 0
    outer loop
      vertex 280.398 130.398 3
      vertex 280.251 130.565 0
      vertex 280.251 130.565 3
    endloop
  endfacet
  facet normal 0.750624 0.660729 0
    outer loop
      vertex 280.251 130.565 0
      vertex 280.398 130.398 3
      vertex 280.398 130.398 0
    endloop
  endfacet
  facet normal -0.0674139 0.997725 0
    outer loop
      vertex 281.822 129.915 0
      vertex 281.6 129.9 3
      vertex 281.822 129.915 3
    endloop
  endfacet
  facet normal -0.0674139 0.997725 0
    outer loop
      vertex 281.6 129.9 3
      vertex 281.822 129.915 0
      vertex 281.6 129.9 0
    endloop
  endfacet
  facet normal 0.981097 -0.193519 0
    outer loop
      vertex 279.915 131.822 3
      vertex 279.958 132.04 0
      vertex 279.958 132.04 3
    endloop
  endfacet
  facet normal 0.981097 -0.193519 0
    outer loop
      vertex 279.958 132.04 0
      vertex 279.915 131.822 3
      vertex 279.915 131.822 0
    endloop
  endfacet
  facet normal 0.318922 -0.947781 0
    outer loop
      vertex 280.949 133.171 0
      vertex 281.16 133.242 3
      vertex 280.949 133.171 3
    endloop
  endfacet
  facet normal 0.318922 -0.947781 0
    outer loop
      vertex 281.16 133.242 3
      vertex 280.949 133.171 0
      vertex 281.16 133.242 0
    endloop
  endfacet
  facet normal 0.0674139 -0.997725 0
    outer loop
      vertex 281.378 133.285 0
      vertex 281.6 133.3 3
      vertex 281.378 133.285 3
    endloop
  endfacet
  facet normal 0.0674139 -0.997725 0
    outer loop
      vertex 281.6 133.3 3
      vertex 281.378 133.285 0
      vertex 281.6 133.3 0
    endloop
  endfacet
  facet normal -0.832742 0.553661 0
    outer loop
      vertex 282.949 130.565 0
      vertex 283.072 130.75 3
      vertex 283.072 130.75 0
    endloop
  endfacet
  facet normal -0.832742 0.553661 0
    outer loop
      vertex 283.072 130.75 3
      vertex 282.949 130.565 0
      vertex 282.949 130.565 3
    endloop
  endfacet
  facet normal 0.193519 0.981097 -0
    outer loop
      vertex 281.378 129.915 0
      vertex 281.16 129.958 3
      vertex 281.378 129.915 3
    endloop
  endfacet
  facet normal 0.193519 0.981097 0
    outer loop
      vertex 281.16 129.958 3
      vertex 281.378 129.915 0
      vertex 281.16 129.958 0
    endloop
  endfacet
  facet normal 0.832742 0.553661 0
    outer loop
      vertex 280.251 130.565 3
      vertex 280.128 130.75 0
      vertex 280.128 130.75 3
    endloop
  endfacet
  facet normal 0.832742 0.553661 0
    outer loop
      vertex 280.128 130.75 0
      vertex 280.251 130.565 3
      vertex 280.251 130.565 0
    endloop
  endfacet
  facet normal 0.0674139 0.997725 -0
    outer loop
      vertex 281.6 129.9 0
      vertex 281.378 129.915 3
      vertex 281.6 129.9 3
    endloop
  endfacet
  facet normal 0.0674139 0.997725 0
    outer loop
      vertex 281.378 129.915 3
      vertex 281.6 129.9 0
      vertex 281.378 129.915 0
    endloop
  endfacet
  facet normal 0.660729 0.750624 -0
    outer loop
      vertex 280.565 130.251 0
      vertex 280.398 130.398 3
      vertex 280.565 130.251 3
    endloop
  endfacet
  facet normal 0.660729 0.750624 0
    outer loop
      vertex 280.398 130.398 3
      vertex 280.565 130.251 0
      vertex 280.398 130.398 0
    endloop
  endfacet
  facet normal -1 0 0
    outer loop
      vertex 46 55.8 0
      vertex 46 85.8 3
      vertex 46 85.8 0
    endloop
  endfacet
  facet normal -1 -0 0
    outer loop
      vertex 46 85.8 3
      vertex 46 55.8 0
      vertex 46 55.8 3
    endloop
  endfacet
  facet normal 1 -0 0
    outer loop
      vertex 40 55.8 3
      vertex 40 85.8 0
      vertex 40 85.8 3
    endloop
  endfacet
  facet normal 1 0 0
    outer loop
      vertex 40 85.8 0
      vertex 40 55.8 3
      vertex 40 55.8 0
    endloop
  endfacet
  facet normal 0 -1 0
    outer loop
      vertex 40 85.8 0
      vertex 46 85.8 3
      vertex 40 85.8 3
    endloop
  endfacet
  facet normal 0 -1 -0
    outer loop
      vertex 46 85.8 3
      vertex 40 85.8 0
      vertex 46 85.8 0
    endloop
  endfacet
  facet normal 0 1 -0
    outer loop
      vertex 46 55.8 0
      vertex 40 55.8 3
      vertex 46 55.8 3
    endloop
  endfacet
  facet normal 0 1 0
    outer loop
      vertex 40 55.8 3
      vertex 46 55.8 0
      vertex 40 55.8 0
    endloop
  endfacet
  facet normal -1 0 0
    outer loop
      vertex 81 55.8 0
      vertex 81 85.8 3
      vertex 81 85.8 0
    endloop
  endfacet
  facet normal -1 -0 0
    outer loop
      vertex 81 85.8 3
      vertex 81 55.8 0
      vertex 81 55.8 3
    endloop
  endfacet
  facet normal 1 -0 0
    outer loop
      vertex 75 55.8 3
      vertex 75 85.8 0
      vertex 75 85.8 3
    endloop
  endfacet
  facet normal 1 0 0
    outer loop
      vertex 75 85.8 0
      vertex 75 55.8 3
      vertex 75 55.8 0
    endloop
  endfacet
  facet normal 0 -1 0
    outer loop
      vertex 75 85.8 0
      vertex 81 85.8 3
      vertex 75 85.8 3
    endloop
  endfacet
  facet normal 0 -1 -0
    outer loop
      vertex 81 85.8 3
      vertex 75 85.8 0
      vertex 81 85.8 0
    endloop
  endfacet
  facet normal 0 1 -0
    outer loop
      vertex 81 55.8 0
      vertex 75 55.8 3
      vertex 81 55.8 3
    endloop
  endfacet
  facet normal 0 1 0
    outer loop
      vertex 75 55.8 3
      vertex 81 55.8 0
      vertex 75 55.8 0
    endloop
  endfacet
  facet normal -1 0 0
    outer loop
      vertex 116 55.8 0
      vertex 116 85.8 3
      vertex 116 85.8 0
    endloop
  endfacet
  facet normal -1 -0 0
    outer loop
      vertex 116 85.8 3
      vertex 116 55.8 0
      vertex 116 55.8 3
    endloop
  endfacet
  facet normal 1 -0 0
    outer loop
      vertex 110 55.8 3
      vertex 110 85.8 0
      vertex 110 85.8 3
    endloop
  endfacet
  facet normal 1 0 0
    outer loop
      vertex 110 85.8 0
      vertex 110 55.8 3
      vertex 110 55.8 0
    endloop
  endfacet
  facet normal 0 -1 0
    outer loop
      vertex 110 85.8 0
      vertex 116 85.8 3
      vertex 110 85.8 3
    endloop
  endfacet
  facet normal 0 -1 -0
    outer loop
      vertex 116 85.8 3
      vertex 110 85.8 0
      vertex 116 85.8 0
    endloop
  endfacet
  facet normal 0 1 -0
    outer loop
      vertex 116 55.8 0
      vertex 110 55.8 3
      vertex 116 55.8 3
    endloop
  endfacet
  facet normal 0 1 0
    outer loop
      vertex 110 55.8 3
      vertex 116 55.8 0
      vertex 110 55.8 0
    endloop
  endfacet
  facet normal -1 0 0
    outer loop
      vertex 151 55.8 0
      vertex 151 85.8 3
      vertex 151 85.8 0
    endloop
  endfacet
  facet normal -1 -0 0
    outer loop
      vertex 151 85.8 3
      vertex 151 55.8 0
      vertex 151 55.8 3
    endloop
  endfacet
  facet normal 1 -0 0
    outer loop
      vertex 145 55.8 3
      vertex 145 85.8 0
      vertex 145 85.8 3
    endloop
  endfacet
  facet normal 1 0 0
    outer loop
      vertex 145 85.8 0
      vertex 145 55.8 3
      vertex 145 55.8 0
    endloop
  endfacet
  facet normal 0 -1 0
    outer loop
      vertex 145 85.8 0
      vertex 151 85.8 3
      vertex 145 85.8 3
    endloop
  endfacet
  facet normal 0 -1 -0
    outer loop
      vertex 151 85.8 3
      vertex 145 85.8 0
      vertex 151 85.8 0
    endloop
  endfacet
  facet normal 0 1 -0
    outer loop
      vertex 151 55.8 0
      vertex 145 55.8 3
      vertex 151 55.8 3
    endloop
  endfacet
  facet normal 0 1 0
    outer loop
      vertex 145 55.8 3
      vertex 151 55.8 0
      vertex 145 55.8 0
    endloop
  endfacet
  facet normal -1 0 0
    outer loop
      vertex 186 55.8 0
      vertex 186 85.8 3
      vertex 186 85.8 0
    endloop
  endfacet
  facet normal -1 -0 0
    outer loop
      vertex 186 85.8 3
      vertex 186 55.8 0
      vertex 186 55.8 3
    endloop
  endfacet
  facet normal 1 -0 0
    outer loop
      vertex 180 55.8 3
      vertex 180 85.8 0
      vertex 180 85.8 3
    endloop
  endfacet
  facet normal 1 0 0
    outer loop
      vertex 180 85.8 0
      vertex 180 55.8 3
      vertex 180 55.8 0
    endloop
  endfacet
  facet normal 0 -1 0
    outer loop
      vertex 180 85.8 0
      vertex 186 85.8 3
      vertex 180 85.8 3
    endloop
  endfacet
  facet normal 0 -1 -0
    outer loop
      vertex 186 85.8 3
      vertex 180 85.8 0
      vertex 186 85.8 0
    endloop
  endfacet
  facet normal 0 1 -0
    outer loop
      vertex 186 55.8 0
      vertex 180 55.8 3
      vertex 186 55.8 3
    endloop
  endfacet
  facet normal 0 1 0
    outer loop
      vertex 180 55.8 3
      vertex 186 55.8 0
      vertex 180 55.8 0
    endloop
  endfacet
  facet normal -1 0 0
    outer loop
      vertex 221 55.8 0
      vertex 221 85.8 3
      vertex 221 85.8 0
    endloop
  endfacet
  facet normal -1 -0 0
    outer loop
      vertex 221 85.8 3
      vertex 221 55.8 0
      vertex 221 55.8 3
    endloop
  endfacet
  facet normal 1 -0 0
    outer loop
      vertex 215 55.8 3
      vertex 215 85.8 0
      vertex 215 85.8 3
    endloop
  endfacet
  facet normal 1 0 0
    outer loop
      vertex 215 85.8 0
      vertex 215 55.8 3
      vertex 215 55.8 0
    endloop
  endfacet
  facet normal 0 -1 0
    outer loop
      vertex 215 85.8 0
      vertex 221 85.8 3
      vertex 215 85.8 3
    endloop
  endfacet
  facet normal 0 -1 -0
    outer loop
      vertex 221 85.8 3
      vertex 215 85.8 0
      vertex 221 85.8 0
    endloop
  endfacet
  facet normal 0 1 -0
    outer loop
      vertex 221 55.8 0
      vertex 215 55.8 3
      vertex 221 55.8 3
    endloop
  endfacet
  facet normal 0 1 0
    outer loop
      vertex 215 55.8 3
      vertex 221 55.8 0
      vertex 215 55.8 0
    endloop
  endfacet
  facet normal 1 -0 0
    outer loop
      vertex 291.6 0 3
      vertex 291.6 141.6 0
      vertex 291.6 141.6 3
    endloop
  endfacet
  facet normal 1 0 0
    outer loop
      vertex 291.6 141.6 0
      vertex 291.6 0 3
      vertex 291.6 0 0
    endloop
  endfacet
  facet normal 0 0 1
    outer loop
      vertex 46 85.8 3
      vertex 11.5706 130.949 3
      vertex 40 85.8 3
    endloop
  endfacet
  facet normal 0 0 1
    outer loop
      vertex 40 55.8 3
      vertex 11.6855 10.2219 3
      vertex 11.7 10 3
    endloop
  endfacet
  facet normal -0 0 1
    outer loop
      vertex 11.4722 130.75 3
      vertex 40 85.8 3
      vertex 11.5706 130.949 3
    endloop
  endfacet
  facet normal 0 0 1
    outer loop
      vertex 40 55.8 3
      vertex 11.6421 10.44 3
      vertex 11.6855 10.2219 3
    endloop
  endfacet
  facet normal -0 0 1
    outer loop
      vertex 11.3487 130.565 3
      vertex 40 85.8 3
      vertex 11.4722 130.75 3
    endloop
  endfacet
  facet normal 0 0 1
    outer loop
      vertex 40 55.8 3
      vertex 11.5706 10.6506 3
      vertex 11.6421 10.44 3
    endloop
  endfacet
  facet normal -0 0 1
    outer loop
      vertex 11.2021 130.398 3
      vertex 40 85.8 3
      vertex 11.3487 130.565 3
    endloop
  endfacet
  facet normal 0 0 1
    outer loop
      vertex 40 55.8 3
      vertex 11.4722 10.85 3
      vertex 11.5706 10.6506 3
    endloop
  endfacet
  facet normal -0 0 1
    outer loop
      vertex 11.0349 130.251 3
      vertex 40 85.8 3
      vertex 11.2021 130.398 3
    endloop
  endfacet
  facet normal 0 0 1
    outer loop
      vertex 40 55.8 3
      vertex 11.3487 11.0349 3
      vertex 11.4722 10.85 3
    endloop
  endfacet
  facet normal -0 0 1
    outer loop
      vertex 10.85 130.128 3
      vertex 40 85.8 3
      vertex 11.0349 130.251 3
    endloop
  endfacet
  facet normal 0 0 1
    outer loop
      vertex 40 55.8 3
      vertex 11.2021 11.2021 3
      vertex 11.3487 11.0349 3
    endloop
  endfacet
  facet normal -0 0 1
    outer loop
      vertex 10.6506 130.029 3
      vertex 40 85.8 3
      vertex 10.85 130.128 3
    endloop
  endfacet
  facet normal 0 0 1
    outer loop
      vertex 40 55.8 3
      vertex 11.0349 11.3487 3
      vertex 11.2021 11.2021 3
    endloop
  endfacet
  facet normal -0 0 1
    outer loop
      vertex 10.44 129.958 3
      vertex 40 85.8 3
      vertex 10.6506 130.029 3
    endloop
  endfacet
  facet normal 0 0 1
    outer loop
      vertex 40 55.8 3
      vertex 10.85 11.4722 3
      vertex 11.0349 11.3487 3
    endloop
  endfacet
  facet normal -0 0 1
    outer loop
      vertex 10.2219 129.915 3
      vertex 40 85.8 3
      vertex 10.44 129.958 3
    endloop
  endfacet
  facet normal 0 0 1
    outer loop
      vertex 40 55.8 3
      vertex 10.6506 11.5706 3
      vertex 10.85 11.4722 3
    endloop
  endfacet
  facet normal -0 0 1
    outer loop
      vertex 10 129.9 3
      vertex 40 85.8 3
      vertex 10.2219 129.915 3
    endloop
  endfacet
  facet normal 0 0 1
    outer loop
      vertex 40 55.8 3
      vertex 10.44 11.6421 3
      vertex 10.6506 11.5706 3
    endloop
  endfacet
  facet normal 0 0 1
    outer loop
      vertex 9.7781 129.915 3
      vertex 40 85.8 3
      vertex 10 129.9 3
    endloop
  endfacet
  facet normal 0 0 1
    outer loop
      vertex 40 55.8 3
      vertex 10.2219 11.6855 3
      vertex 10.44 11.6421 3
    endloop
  endfacet
  facet normal 0 0 1
    outer loop
      vertex 9.56001 129.958 3
      vertex 40 85.8 3
      vertex 9.7781 129.915 3
    endloop
  endfacet
  facet normal 0 0 1
    outer loop
      vertex 40 55.8 3
      vertex 10 11.7 3
      vertex 10.2219 11.6855 3
    endloop
  endfacet
  facet normal 0 0 1
    outer loop
      vertex 9.34944 130.029 3
      vertex 40 85.8 3
      vertex 9.56001 129.958 3
    endloop
  endfacet
  facet normal 0 0 1
    outer loop
      vertex 40 55.8 3
      vertex 9.7781 11.6855 3
      vertex 10 11.7 3
    endloop
  endfacet
  facet normal 0 0 1
    outer loop
      vertex 9.15 130.128 3
      vertex 40 85.8 3
      vertex 9.34944 130.029 3
    endloop
  endfacet
  facet normal 0 0 1
    outer loop
      vertex 40 55.8 3
      vertex 9.56001 11.6421 3
      vertex 9.7781 11.6855 3
    endloop
  endfacet
  facet normal 0 0 1
    outer loop
      vertex 40 85.8 3
      vertex 9.15 130.128 3
      vertex 40 55.8 3
    endloop
  endfacet
  facet normal 0 0 1
    outer loop
      vertex 40 55.8 3
      vertex 9.34944 11.5706 3
      vertex 9.56001 11.6421 3
    endloop
  endfacet
  facet normal 0 0 1
    outer loop
      vertex 9.15 11.4722 3
      vertex 40 55.8 3
      vertex 9.15 130.128 3
    endloop
  endfacet
  facet normal 0 0 1
    outer loop
      vertex 40 55.8 3
      vertex 9.15 11.4722 3
      vertex 9.34944 11.5706 3
    endloop
  endfacet
  facet normal 0 0 1
    outer loop
      vertex 8.96511 130.251 3
      vertex 9.15 11.4722 3
      vertex 9.15 130.128 3
    endloop
  endfacet
  facet normal 0 0 1
    outer loop
      vertex 8.96511 130.251 3
      vertex 8.96511 11.3487 3
      vertex 9.15 11.4722 3
    endloop
  endfacet
  facet normal 0 0 1
    outer loop
      vertex 8.79792 130.398 3
      vertex 8.96511 11.3487 3
      vertex 8.96511 130.251 3
    endloop
  endfacet
  facet normal 0 0 1
    outer loop
      vertex 8.79792 130.398 3
      vertex 8.79792 11.2021 3
      vertex 8.96511 11.3487 3
    endloop
  endfacet
  facet normal 0 0 1
    outer loop
      vertex 8.6513 130.565 3
      vertex 8.79792 11.2021 3
      vertex 8.79792 130.398 3
    endloop
  endfacet
  facet normal 0 0 1
    outer loop
      vertex 8.6513 130.565 3
      vertex 8.6513 11.0349 3
      vertex 8.79792 11.2021 3
    endloop
  endfacet
  facet normal 0 0 1
    outer loop
      vertex 0 141.6 3
      vertex 8.6513 130.565 3
      vertex 8.52776 130.75 3
    endloop
  endfacet
  facet normal 0 0 1
    outer loop
      vertex 8.6513 130.565 3
      vertex 0 141.6 3
      vertex 8.6513 11.0349 3
    endloop
  endfacet
  facet normal 0 0 1
    outer loop
      vertex 0 141.6 3
      vertex 8.52776 130.75 3
      vertex 8.4294 130.949 3
    endloop
  endfacet
  facet normal 0 0 1
    outer loop
      vertex 0 0 3
      vertex 8.6513 11.0349 3
      vertex 0 141.6 3
    endloop
  endfacet
  facet normal 0 0 1
    outer loop
      vertex 0 141.6 3
      vertex 8.4294 130.949 3
      vertex 8.35793 131.16 3
    endloop
  endfacet
  facet normal 0 0 1
    outer loop
      vertex 8.6513 11.0349 3
      vertex 0 0 3
      vertex 8.52776 10.85 3
    endloop
  endfacet
  facet normal 0 0 1
    outer loop
      vertex 0 141.6 3
      vertex 8.35793 131.16 3
      vertex 8.31454 131.378 3
    endloop
  endfacet
  facet normal 0 0 1
    outer loop
      vertex 8.52776 10.85 3
      vertex 0 0 3
      vertex 8.4294 10.6506 3
    endloop
  endfacet
  facet normal 0 0 1
    outer loop
      vertex 0 141.6 3
      vertex 8.31454 131.378 3
      vertex 8.3 131.6 3
    endloop
  endfacet
  facet normal 0 0 1
    outer loop
      vertex 8.4294 10.6506 3
      vertex 0 0 3
      vertex 8.35793 10.44 3
    endloop
  endfacet
  facet normal 0 0 1
    outer loop
      vertex 283.171 130.949 3
      vertex 291.6 141.6 3
      vertex 283.242 131.16 3
    endloop
  endfacet
  facet normal 0 0 1
    outer loop
      vertex 291.6 0 3
      vertex 283.285 10.2219 3
      vertex 283.3 10 3
    endloop
  endfacet
  facet normal 0 0 1
    outer loop
      vertex 283.072 130.75 3
      vertex 291.6 141.6 3
      vertex 283.171 130.949 3
    endloop
  endfacet
  facet normal 0 0 1
    outer loop
      vertex 291.6 0 3
      vertex 283.242 10.44 3
      vertex 283.285 10.2219 3
    endloop
  endfacet
  facet normal 0 0 1
    outer loop
      vertex 282.949 130.565 3
      vertex 291.6 141.6 3
      vertex 283.072 130.75 3
    endloop
  endfacet
  facet normal 0 0 1
    outer loop
      vertex 291.6 0 3
      vertex 283.171 10.6506 3
      vertex 283.242 10.44 3
    endloop
  endfacet
  facet normal 0 0 1
    outer loop
      vertex 291.6 141.6 3
      vertex 282.949 130.565 3
      vertex 291.6 0 3
    endloop
  endfacet
  facet normal 0 0 1
    outer loop
      vertex 291.6 0 3
      vertex 283.072 10.85 3
      vertex 283.171 10.6506 3
    endloop
  endfacet
  facet normal -0 0 1
    outer loop
      vertex 282.949 11.0349 3
      vertex 291.6 0 3
      vertex 282.949 130.565 3
    endloop
  endfacet
  facet normal 0 0 1
    outer loop
      vertex 291.6 0 3
      vertex 282.949 11.0349 3
      vertex 283.072 10.85 3
    endloop
  endfacet
  facet normal -0 0 1
    outer loop
      vertex 282.802 130.398 3
      vertex 282.949 11.0349 3
      vertex 282.949 130.565 3
    endloop
  endfacet
  facet normal 0 0 1
    outer loop
      vertex 282.802 130.398 3
      vertex 282.802 11.2021 3
      vertex 282.949 11.0349 3
    endloop
  endfacet
  facet normal -0 0 1
    outer loop
      vertex 282.635 130.251 3
      vertex 282.802 11.2021 3
      vertex 282.802 130.398 3
    endloop
  endfacet
  facet normal 0 0 1
    outer loop
      vertex 282.635 130.251 3
      vertex 282.635 11.3487 3
      vertex 282.802 11.2021 3
    endloop
  endfacet
  facet normal -0 0 1
    outer loop
      vertex 282.45 130.128 3
      vertex 282.635 11.3487 3
      vertex 282.635 130.251 3
    endloop
  endfacet
  facet normal 0 0 1
    outer loop
      vertex 282.45 130.128 3
      vertex 282.45 11.4722 3
      vertex 282.635 11.3487 3
    endloop
  endfacet
  facet normal -0 0 1
    outer loop
      vertex 282.251 130.029 3
      vertex 282.45 11.4722 3
      vertex 282.45 130.128 3
    endloop
  endfacet
  facet normal 0 0 1
    outer loop
      vertex 282.251 130.029 3
      vertex 282.251 11.5706 3
      vertex 282.45 11.4722 3
    endloop
  endfacet
  facet normal -0 0 1
    outer loop
      vertex 282.04 129.958 3
      vertex 282.251 11.5706 3
      vertex 282.251 130.029 3
    endloop
  endfacet
  facet normal 0 0 1
    outer loop
      vertex 282.04 129.958 3
      vertex 282.04 11.6421 3
      vertex 282.251 11.5706 3
    endloop
  endfacet
  facet normal -0 0 1
    outer loop
      vertex 281.822 129.915 3
      vertex 282.04 11.6421 3
      vertex 282.04 129.958 3
    endloop
  endfacet
  facet normal 0 0 1
    outer loop
      vertex 281.822 129.915 3
      vertex 281.822 11.6855 3
      vertex 282.04 11.6421 3
    endloop
  endfacet
  facet normal -0 0 1
    outer loop
      vertex 281.6 129.9 3
      vertex 281.822 11.6855 3
      vertex 281.822 129.915 3
    endloop
  endfacet
  facet normal 0 0 1
    outer loop
      vertex 281.6 129.9 3
      vertex 281.6 11.7 3
      vertex 281.822 11.6855 3
    endloop
  endfacet
  facet normal 0 0 1
    outer loop
      vertex 221 85.8 3
      vertex 281.6 129.9 3
      vertex 281.378 129.915 3
    endloop
  endfacet
  facet normal 0 0 1
    outer loop
      vertex 281.6 129.9 3
      vertex 221 85.8 3
      vertex 281.6 11.7 3
    endloop
  endfacet
  facet normal 0 0 1
    outer loop
      vertex 221 85.8 3
      vertex 281.378 129.915 3
      vertex 281.16 129.958 3
    endloop
  endfacet
  facet normal -0 0 1
    outer loop
      vertex 221 55.8 3
      vertex 281.6 11.7 3
      vertex 221 85.8 3
    endloop
  endfacet
  facet normal 0 0 1
    outer loop
      vertex 221 85.8 3
      vertex 281.16 129.958 3
      vertex 280.949 130.029 3
    endloop
  endfacet
  facet normal 0 0 1
    outer loop
      vertex 281.6 11.7 3
      vertex 221 55.8 3
      vertex 281.378 11.6855 3
    endloop
  endfacet
  facet normal 0 0 1
    outer loop
      vertex 221 85.8 3
      vertex 280.949 130.029 3
      vertex 280.75 130.128 3
    endloop
  endfacet
  facet normal 0 0 1
    outer loop
      vertex 281.378 11.6855 3
      vertex 221 55.8 3
      vertex 281.16 11.6421 3
    endloop
  endfacet
  facet normal 0 0 1
    outer loop
      vertex 221 85.8 3
      vertex 280.75 130.128 3
      vertex 280.565 130.251 3
    endloop
  endfacet
  facet normal 0 0 1
    outer loop
      vertex 281.16 11.6421 3
      vertex 221 55.8 3
      vertex 280.949 11.5706 3
    endloop
  endfacet
  facet normal 0 0 1
    outer loop
      vertex 221 85.8 3
      vertex 280.565 130.251 3
      vertex 280.398 130.398 3
    endloop
  endfacet
  facet normal 0 0 1
    outer loop
      vertex 280.949 11.5706 3
      vertex 221 55.8 3
      vertex 280.75 11.4722 3
    endloop
  endfacet
  facet normal 0 0 1
    outer loop
      vertex 221 85.8 3
      vertex 280.398 130.398 3
      vertex 280.251 130.565 3
    endloop
  endfacet
  facet normal 0 0 1
    outer loop
      vertex 280.75 11.4722 3
      vertex 221 55.8 3
      vertex 280.565 11.3487 3
    endloop
  endfacet
  facet normal 0 0 1
    outer loop
      vertex 221 85.8 3
      vertex 280.251 130.565 3
      vertex 280.128 130.75 3
    endloop
  endfacet
  facet normal 0 0 1
    outer loop
      vertex 280.565 11.3487 3
      vertex 221 55.8 3
      vertex 280.398 11.2021 3
    endloop
  endfacet
  facet normal 0 0 1
    outer loop
      vertex 221 85.8 3
      vertex 280.128 130.75 3
      vertex 280.029 130.949 3
    endloop
  endfacet
  facet normal 0 0 1
    outer loop
      vertex 280.398 11.2021 3
      vertex 221 55.8 3
      vertex 280.251 11.0349 3
    endloop
  endfacet
  facet normal 0 0 1
    outer loop
      vertex 221 85.8 3
      vertex 280.029 130.949 3
      vertex 279.958 131.16 3
    endloop
  endfacet
  facet normal 0 0 1
    outer loop
      vertex 280.251 11.0349 3
      vertex 221 55.8 3
      vertex 280.128 10.85 3
    endloop
  endfacet
  facet normal 0 0 1
    outer loop
      vertex 221 85.8 3
      vertex 279.958 131.16 3
      vertex 279.915 131.378 3
    endloop
  endfacet
  facet normal 0 0 1
    outer loop
      vertex 280.128 10.85 3
      vertex 221 55.8 3
      vertex 280.029 10.6506 3
    endloop
  endfacet
  facet normal 0 0 1
    outer loop
      vertex 221 85.8 3
      vertex 279.915 131.378 3
      vertex 279.9 131.6 3
    endloop
  endfacet
  facet normal 0 0 1
    outer loop
      vertex 280.029 10.6506 3
      vertex 221 55.8 3
      vertex 279.958 10.44 3
    endloop
  endfacet
  facet normal 0 0 1
    outer loop
      vertex 283.285 131.378 3
      vertex 291.6 141.6 3
      vertex 283.3 131.6 3
    endloop
  endfacet
  facet normal 0 0 1
    outer loop
      vertex 291.6 141.6 3
      vertex 283.285 131.822 3
      vertex 283.3 131.6 3
    endloop
  endfacet
  facet normal 0 0 1
    outer loop
      vertex 291.6 141.6 3
      vertex 283.242 132.04 3
      vertex 283.285 131.822 3
    endloop
  endfacet
  facet normal 0 0 1
    outer loop
      vertex 291.6 141.6 3
      vertex 283.171 132.251 3
      vertex 283.242 132.04 3
    endloop
  endfacet
  facet normal 0 0 1
    outer loop
      vertex 291.6 141.6 3
      vertex 283.072 132.45 3
      vertex 283.171 132.251 3
    endloop
  endfacet
  facet normal 0 0 1
    outer loop
      vertex 291.6 141.6 3
      vertex 282.949 132.635 3
      vertex 283.072 132.45 3
    endloop
  endfacet
  facet normal 0 0 1
    outer loop
      vertex 291.6 141.6 3
      vertex 282.802 132.802 3
      vertex 282.949 132.635 3
    endloop
  endfacet
  facet normal 0 0 1
    outer loop
      vertex 291.6 141.6 3
      vertex 282.635 132.949 3
      vertex 282.802 132.802 3
    endloop
  endfacet
  facet normal 0 0 1
    outer loop
      vertex 291.6 141.6 3
      vertex 282.45 133.072 3
      vertex 282.635 132.949 3
    endloop
  endfacet
  facet normal 0 0 1
    outer loop
      vertex 291.6 141.6 3
      vertex 282.251 133.171 3
      vertex 282.45 133.072 3
    endloop
  endfacet
  facet normal 0 0 1
    outer loop
      vertex 291.6 141.6 3
      vertex 282.04 133.242 3
      vertex 282.251 133.171 3
    endloop
  endfacet
  facet normal 0 0 1
    outer loop
      vertex 291.6 141.6 3
      vertex 281.822 133.285 3
      vertex 282.04 133.242 3
    endloop
  endfacet
  facet normal 0 0 1
    outer loop
      vertex 291.6 141.6 3
      vertex 281.6 133.3 3
      vertex 281.822 133.285 3
    endloop
  endfacet
  facet normal 0 0 1
    outer loop
      vertex 291.6 141.6 3
      vertex 281.378 133.285 3
      vertex 281.6 133.3 3
    endloop
  endfacet
  facet normal 0 0 1
    outer loop
      vertex 291.6 141.6 3
      vertex 281.16 133.242 3
      vertex 281.378 133.285 3
    endloop
  endfacet
  facet normal 0 0 1
    outer loop
      vertex 291.6 141.6 3
      vertex 280.949 133.171 3
      vertex 281.16 133.242 3
    endloop
  endfacet
  facet normal 0 0 1
    outer loop
      vertex 291.6 141.6 3
      vertex 280.75 133.072 3
      vertex 280.949 133.171 3
    endloop
  endfacet
  facet normal 0 0 1
    outer loop
      vertex 291.6 141.6 3
      vertex 280.565 132.949 3
      vertex 280.75 133.072 3
    endloop
  endfacet
  facet normal 0 0 1
    outer loop
      vertex 279.958 10.44 3
      vertex 221 55.8 3
      vertex 279.915 10.2219 3
    endloop
  endfacet
  facet normal 0 0 1
    outer loop
      vertex 279.915 131.822 3
      vertex 221 85.8 3
      vertex 279.9 131.6 3
    endloop
  endfacet
  facet normal 0 0 1
    outer loop
      vertex 279.958 132.04 3
      vertex 221 85.8 3
      vertex 279.915 131.822 3
    endloop
  endfacet
  facet normal 0 0 1
    outer loop
      vertex 215 85.8 3
      vertex 279.958 132.04 3
      vertex 280.029 132.251 3
    endloop
  endfacet
  facet normal 0 0 1
    outer loop
      vertex 215 85.8 3
      vertex 280.029 132.251 3
      vertex 280.128 132.45 3
    endloop
  endfacet
  facet normal 0 0 1
    outer loop
      vertex 186 85.8 3
      vertex 280.128 132.45 3
      vertex 280.251 132.635 3
    endloop
  endfacet
  facet normal 0 0 1
    outer loop
      vertex 180 85.8 3
      vertex 280.251 132.635 3
      vertex 280.398 132.802 3
    endloop
  endfacet
  facet normal 0 0 1
    outer loop
      vertex 151 85.8 3
      vertex 280.398 132.802 3
      vertex 280.565 132.949 3
    endloop
  endfacet
  facet normal 0 0 1
    outer loop
      vertex 279.958 132.04 3
      vertex 215 85.8 3
      vertex 221 85.8 3
    endloop
  endfacet
  facet normal 0 0 1
    outer loop
      vertex 11.0349 132.949 3
      vertex 280.565 132.949 3
      vertex 291.6 141.6 3
    endloop
  endfacet
  facet normal 0 0 1
    outer loop
      vertex 215 85.8 3
      vertex 186 85.8 3
      vertex 215 55.8 3
    endloop
  endfacet
  facet normal 0 0 1
    outer loop
      vertex 280.128 132.45 3
      vertex 186 85.8 3
      vertex 215 85.8 3
    endloop
  endfacet
  facet normal 0 0 1
    outer loop
      vertex 280.251 132.635 3
      vertex 180 85.8 3
      vertex 186 85.8 3
    endloop
  endfacet
  facet normal 0 0 1
    outer loop
      vertex 180 85.8 3
      vertex 151 85.8 3
      vertex 180 55.8 3
    endloop
  endfacet
  facet normal 0 0 1
    outer loop
      vertex 280.398 132.802 3
      vertex 151 85.8 3
      vertex 180 85.8 3
    endloop
  endfacet
  facet normal 0 0 1
    outer loop
      vertex 280.565 132.949 3
      vertex 145 85.8 3
      vertex 151 85.8 3
    endloop
  endfacet
  facet normal 0 0 1
    outer loop
      vertex 145 85.8 3
      vertex 116 85.8 3
      vertex 145 55.8 3
    endloop
  endfacet
  facet normal 0 0 1
    outer loop
      vertex 280.565 132.949 3
      vertex 11.0349 132.949 3
      vertex 145 85.8 3
    endloop
  endfacet
  facet normal -0 -0 1
    outer loop
      vertex 11.2021 132.802 3
      vertex 145 85.8 3
      vertex 11.0349 132.949 3
    endloop
  endfacet
  facet normal 0 0 1
    outer loop
      vertex 110 85.8 3
      vertex 81 85.8 3
      vertex 110 55.8 3
    endloop
  endfacet
  facet normal -0 -0 1
    outer loop
      vertex 11.3487 132.635 3
      vertex 116 85.8 3
      vertex 11.2021 132.802 3
    endloop
  endfacet
  facet normal 0 0 1
    outer loop
      vertex 116 85.8 3
      vertex 11.3487 132.635 3
      vertex 110 85.8 3
    endloop
  endfacet
  facet normal 0 0 1
    outer loop
      vertex 75 85.8 3
      vertex 46 85.8 3
      vertex 75 55.8 3
    endloop
  endfacet
  facet normal 0 0 1
    outer loop
      vertex 110 85.8 3
      vertex 11.4722 132.45 3
      vertex 81 85.8 3
    endloop
  endfacet
  facet normal -0 -0 1
    outer loop
      vertex 11.6421 132.04 3
      vertex 75 85.8 3
      vertex 11.5706 132.251 3
    endloop
  endfacet
  facet normal -0 0 1
    outer loop
      vertex 11.6421 131.16 3
      vertex 46 85.8 3
      vertex 11.6855 131.378 3
    endloop
  endfacet
  facet normal -0 -0 1
    outer loop
      vertex 11.6855 131.822 3
      vertex 75 85.8 3
      vertex 11.6421 132.04 3
    endloop
  endfacet
  facet normal -0 0 1
    outer loop
      vertex 11.6855 131.378 3
      vertex 46 85.8 3
      vertex 11.7 131.6 3
    endloop
  endfacet
  facet normal 0 0 1
    outer loop
      vertex 75 85.8 3
      vertex 11.7 131.6 3
      vertex 46 85.8 3
    endloop
  endfacet
  facet normal -0 -0 1
    outer loop
      vertex 11.7 131.6 3
      vertex 75 85.8 3
      vertex 11.6855 131.822 3
    endloop
  endfacet
  facet normal 0 0 1
    outer loop
      vertex 81 85.8 3
      vertex 11.5706 132.251 3
      vertex 75 85.8 3
    endloop
  endfacet
  facet normal -0 -0 1
    outer loop
      vertex 11.5706 132.251 3
      vertex 81 85.8 3
      vertex 11.4722 132.45 3
    endloop
  endfacet
  facet normal -0 -0 1
    outer loop
      vertex 11.4722 132.45 3
      vertex 110 85.8 3
      vertex 11.3487 132.635 3
    endloop
  endfacet
  facet normal 0 0 1
    outer loop
      vertex 145 85.8 3
      vertex 11.2021 132.802 3
      vertex 116 85.8 3
    endloop
  endfacet
  facet normal -0 0 1
    outer loop
      vertex 0 141.6 3
      vertex 11.0349 132.949 3
      vertex 291.6 141.6 3
    endloop
  endfacet
  facet normal 0 0 1
    outer loop
      vertex 11.0349 132.949 3
      vertex 0 141.6 3
      vertex 10.85 133.072 3
    endloop
  endfacet
  facet normal 0 0 1
    outer loop
      vertex 10.85 133.072 3
      vertex 0 141.6 3
      vertex 10.6506 133.171 3
    endloop
  endfacet
  facet normal 0 0 1
    outer loop
      vertex 10.6506 133.171 3
      vertex 0 141.6 3
      vertex 10.44 133.242 3
    endloop
  endfacet
  facet normal 0 0 1
    outer loop
      vertex 10.44 133.242 3
      vertex 0 141.6 3
      vertex 10.2219 133.285 3
    endloop
  endfacet
  facet normal 0 0 1
    outer loop
      vertex 8.35793 10.44 3
      vertex 0 0 3
      vertex 8.31454 10.2219 3
    endloop
  endfacet
  facet normal 0 0 1
    outer loop
      vertex 8.31454 131.822 3
      vertex 0 141.6 3
      vertex 8.3 131.6 3
    endloop
  endfacet
  facet normal 0 0 1
    outer loop
      vertex 8.35793 132.04 3
      vertex 0 141.6 3
      vertex 8.31454 131.822 3
    endloop
  endfacet
  facet normal 0 0 1
    outer loop
      vertex 8.4294 132.251 3
      vertex 0 141.6 3
      vertex 8.35793 132.04 3
    endloop
  endfacet
  facet normal 0 0 1
    outer loop
      vertex 8.52776 132.45 3
      vertex 0 141.6 3
      vertex 8.4294 132.251 3
    endloop
  endfacet
  facet normal 0 0 1
    outer loop
      vertex 8.6513 132.635 3
      vertex 0 141.6 3
      vertex 8.52776 132.45 3
    endloop
  endfacet
  facet normal 0 0 1
    outer loop
      vertex 8.79792 132.802 3
      vertex 0 141.6 3
      vertex 8.6513 132.635 3
    endloop
  endfacet
  facet normal 0 0 1
    outer loop
      vertex 8.96511 132.949 3
      vertex 0 141.6 3
      vertex 8.79792 132.802 3
    endloop
  endfacet
  facet normal 0 0 1
    outer loop
      vertex 9.15 133.072 3
      vertex 0 141.6 3
      vertex 8.96511 132.949 3
    endloop
  endfacet
  facet normal 0 0 1
    outer loop
      vertex 9.34944 133.171 3
      vertex 0 141.6 3
      vertex 9.15 133.072 3
    endloop
  endfacet
  facet normal 0 0 1
    outer loop
      vertex 9.56001 133.242 3
      vertex 0 141.6 3
      vertex 9.34944 133.171 3
    endloop
  endfacet
  facet normal 0 0 1
    outer loop
      vertex 9.7781 133.285 3
      vertex 0 141.6 3
      vertex 9.56001 133.242 3
    endloop
  endfacet
  facet normal 0 0 1
    outer loop
      vertex 10 133.3 3
      vertex 0 141.6 3
      vertex 9.7781 133.285 3
    endloop
  endfacet
  facet normal 0 0 1
    outer loop
      vertex 10.2219 133.285 3
      vertex 0 141.6 3
      vertex 10 133.3 3
    endloop
  endfacet
  facet normal 0 0 1
    outer loop
      vertex 283.242 131.16 3
      vertex 291.6 141.6 3
      vertex 283.285 131.378 3
    endloop
  endfacet
  facet normal -0 0 1
    outer loop
      vertex 283.285 9.7781 3
      vertex 291.6 0 3
      vertex 283.3 10 3
    endloop
  endfacet
  facet normal -0 0 1
    outer loop
      vertex 283.242 9.56001 3
      vertex 291.6 0 3
      vertex 283.285 9.7781 3
    endloop
  endfacet
  facet normal -0 0 1
    outer loop
      vertex 283.171 9.34944 3
      vertex 291.6 0 3
      vertex 283.242 9.56001 3
    endloop
  endfacet
  facet normal -0 0 1
    outer loop
      vertex 283.072 9.15 3
      vertex 291.6 0 3
      vertex 283.171 9.34944 3
    endloop
  endfacet
  facet normal -0 0 1
    outer loop
      vertex 282.949 8.96511 3
      vertex 291.6 0 3
      vertex 283.072 9.15 3
    endloop
  endfacet
  facet normal -0 0 1
    outer loop
      vertex 282.802 8.79792 3
      vertex 291.6 0 3
      vertex 282.949 8.96511 3
    endloop
  endfacet
  facet normal -0 0 1
    outer loop
      vertex 282.635 8.6513 3
      vertex 291.6 0 3
      vertex 282.802 8.79792 3
    endloop
  endfacet
  facet normal -0 0 1
    outer loop
      vertex 282.45 8.52776 3
      vertex 291.6 0 3
      vertex 282.635 8.6513 3
    endloop
  endfacet
  facet normal -0 0 1
    outer loop
      vertex 282.251 8.4294 3
      vertex 291.6 0 3
      vertex 282.45 8.52776 3
    endloop
  endfacet
  facet normal -0 0 1
    outer loop
      vertex 282.04 8.35793 3
      vertex 291.6 0 3
      vertex 282.251 8.4294 3
    endloop
  endfacet
  facet normal -0 0 1
    outer loop
      vertex 281.822 8.31454 3
      vertex 291.6 0 3
      vertex 282.04 8.35793 3
    endloop
  endfacet
  facet normal -0 0 1
    outer loop
      vertex 281.6 8.3 3
      vertex 291.6 0 3
      vertex 281.822 8.31454 3
    endloop
  endfacet
  facet normal 0 0 1
    outer loop
      vertex 281.378 8.31454 3
      vertex 291.6 0 3
      vertex 281.6 8.3 3
    endloop
  endfacet
  facet normal 0 0 1
    outer loop
      vertex 281.16 8.35793 3
      vertex 291.6 0 3
      vertex 281.378 8.31454 3
    endloop
  endfacet
  facet normal 0 0 1
    outer loop
      vertex 280.949 8.4294 3
      vertex 291.6 0 3
      vertex 281.16 8.35793 3
    endloop
  endfacet
  facet normal 0 0 1
    outer loop
      vertex 280.75 8.52776 3
      vertex 291.6 0 3
      vertex 280.949 8.4294 3
    endloop
  endfacet
  facet normal 0 0 1
    outer loop
      vertex 280.565 8.6513 3
      vertex 291.6 0 3
      vertex 280.75 8.52776 3
    endloop
  endfacet
  facet normal 0 0 1
    outer loop
      vertex 279.915 10.2219 3
      vertex 221 55.8 3
      vertex 279.9 10 3
    endloop
  endfacet
  facet normal 0 0 1
    outer loop
      vertex 279.9 10 3
      vertex 221 55.8 3
      vertex 279.915 9.7781 3
    endloop
  endfacet
  facet normal 0 0 1
    outer loop
      vertex 279.915 9.7781 3
      vertex 221 55.8 3
      vertex 279.958 9.56001 3
    endloop
  endfacet
  facet normal -0 0 1
    outer loop
      vertex 215 55.8 3
      vertex 279.958 9.56001 3
      vertex 221 55.8 3
    endloop
  endfacet
  facet normal 0 0 1
    outer loop
      vertex 279.958 9.56001 3
      vertex 215 55.8 3
      vertex 280.029 9.34944 3
    endloop
  endfacet
  facet normal 0 0 1
    outer loop
      vertex 280.029 9.34944 3
      vertex 215 55.8 3
      vertex 280.128 9.15 3
    endloop
  endfacet
  facet normal -0 0 1
    outer loop
      vertex 186 55.8 3
      vertex 280.128 9.15 3
      vertex 215 55.8 3
    endloop
  endfacet
  facet normal 0 0 1
    outer loop
      vertex 280.128 9.15 3
      vertex 186 55.8 3
      vertex 280.251 8.96511 3
    endloop
  endfacet
  facet normal -0 0 1
    outer loop
      vertex 180 55.8 3
      vertex 280.251 8.96511 3
      vertex 186 55.8 3
    endloop
  endfacet
  facet normal 0 0 1
    outer loop
      vertex 280.251 8.96511 3
      vertex 180 55.8 3
      vertex 280.398 8.79792 3
    endloop
  endfacet
  facet normal 0 0 1
    outer loop
      vertex 186 55.8 3
      vertex 215 55.8 3
      vertex 186 85.8 3
    endloop
  endfacet
  facet normal -0 0 1
    outer loop
      vertex 151 55.8 3
      vertex 280.398 8.79792 3
      vertex 180 55.8 3
    endloop
  endfacet
  facet normal 0 0 1
    outer loop
      vertex 280.398 8.79792 3
      vertex 151 55.8 3
      vertex 280.565 8.6513 3
    endloop
  endfacet
  facet normal 0 0 1
    outer loop
      vertex 151 55.8 3
      vertex 180 55.8 3
      vertex 151 85.8 3
    endloop
  endfacet
  facet normal -0 0 1
    outer loop
      vertex 145 55.8 3
      vertex 280.565 8.6513 3
      vertex 151 55.8 3
    endloop
  endfacet
  facet normal 0 0 1
    outer loop
      vertex 11.0349 8.6513 3
      vertex 280.565 8.6513 3
      vertex 145 55.8 3
    endloop
  endfacet
  facet normal 0 0 1
    outer loop
      vertex 116 55.8 3
      vertex 145 55.8 3
      vertex 116 85.8 3
    endloop
  endfacet
  facet normal 0 0 1
    outer loop
      vertex 11.2021 8.79792 3
      vertex 145 55.8 3
      vertex 116 55.8 3
    endloop
  endfacet
  facet normal 0 0 1
    outer loop
      vertex 11.3487 8.96511 3
      vertex 116 55.8 3
      vertex 110 55.8 3
    endloop
  endfacet
  facet normal 0 0 1
    outer loop
      vertex 81 55.8 3
      vertex 110 55.8 3
      vertex 81 85.8 3
    endloop
  endfacet
  facet normal 0 0 1
    outer loop
      vertex 11.4722 9.15 3
      vertex 110 55.8 3
      vertex 81 55.8 3
    endloop
  endfacet
  facet normal 0 0 1
    outer loop
      vertex 11.5706 9.34944 3
      vertex 81 55.8 3
      vertex 75 55.8 3
    endloop
  endfacet
  facet normal 0 0 1
    outer loop
      vertex 46 55.8 3
      vertex 75 55.8 3
      vertex 46 85.8 3
    endloop
  endfacet
  facet normal 0 0 1
    outer loop
      vertex 11.7 10 3
      vertex 75 55.8 3
      vertex 46 55.8 3
    endloop
  endfacet
  facet normal 0 0 1
    outer loop
      vertex 11.7 10 3
      vertex 46 55.8 3
      vertex 40 55.8 3
    endloop
  endfacet
  facet normal -0 0 1
    outer loop
      vertex 11.5706 130.949 3
      vertex 46 85.8 3
      vertex 11.6421 131.16 3
    endloop
  endfacet
  facet normal 0 0 1
    outer loop
      vertex 75 55.8 3
      vertex 11.7 10 3
      vertex 11.6855 9.7781 3
    endloop
  endfacet
  facet normal 0 0 1
    outer loop
      vertex 75 55.8 3
      vertex 11.6855 9.7781 3
      vertex 11.6421 9.56001 3
    endloop
  endfacet
  facet normal 0 0 1
    outer loop
      vertex 75 55.8 3
      vertex 11.6421 9.56001 3
      vertex 11.5706 9.34944 3
    endloop
  endfacet
  facet normal 0 0 1
    outer loop
      vertex 81 55.8 3
      vertex 11.5706 9.34944 3
      vertex 11.4722 9.15 3
    endloop
  endfacet
  facet normal 0 0 1
    outer loop
      vertex 110 55.8 3
      vertex 11.4722 9.15 3
      vertex 11.3487 8.96511 3
    endloop
  endfacet
  facet normal 0 0 1
    outer loop
      vertex 116 55.8 3
      vertex 11.3487 8.96511 3
      vertex 11.2021 8.79792 3
    endloop
  endfacet
  facet normal 0 0 1
    outer loop
      vertex 145 55.8 3
      vertex 11.2021 8.79792 3
      vertex 11.0349 8.6513 3
    endloop
  endfacet
  facet normal 0 0 1
    outer loop
      vertex 280.565 8.6513 3
      vertex 11.0349 8.6513 3
      vertex 291.6 0 3
    endloop
  endfacet
  facet normal 0 0 1
    outer loop
      vertex 0 0 3
      vertex 11.0349 8.6513 3
      vertex 10.85 8.52776 3
    endloop
  endfacet
  facet normal 0 0 1
    outer loop
      vertex 0 0 3
      vertex 10.85 8.52776 3
      vertex 10.6506 8.4294 3
    endloop
  endfacet
  facet normal 0 0 1
    outer loop
      vertex 0 0 3
      vertex 10.6506 8.4294 3
      vertex 10.44 8.35793 3
    endloop
  endfacet
  facet normal 0 0 1
    outer loop
      vertex 0 0 3
      vertex 10.44 8.35793 3
      vertex 10.2219 8.31454 3
    endloop
  endfacet
  facet normal 0 0 1
    outer loop
      vertex 0 0 3
      vertex 10.2219 8.31454 3
      vertex 10 8.3 3
    endloop
  endfacet
  facet normal 0 0 1
    outer loop
      vertex 11.0349 8.6513 3
      vertex 0 0 3
      vertex 291.6 0 3
    endloop
  endfacet
  facet normal 0 0 1
    outer loop
      vertex 9.7781 8.31454 3
      vertex 0 0 3
      vertex 10 8.3 3
    endloop
  endfacet
  facet normal 0 0 1
    outer loop
      vertex 9.56001 8.35793 3
      vertex 0 0 3
      vertex 9.7781 8.31454 3
    endloop
  endfacet
  facet normal 0 0 1
    outer loop
      vertex 9.34944 8.4294 3
      vertex 0 0 3
      vertex 9.56001 8.35793 3
    endloop
  endfacet
  facet normal 0 0 1
    outer loop
      vertex 9.15 8.52776 3
      vertex 0 0 3
      vertex 9.34944 8.4294 3
    endloop
  endfacet
  facet normal 0 0 1
    outer loop
      vertex 8.96511 8.6513 3
      vertex 0 0 3
      vertex 9.15 8.52776 3
    endloop
  endfacet
  facet normal 0 0 1
    outer loop
      vertex 8.79792 8.79792 3
      vertex 0 0 3
      vertex 8.96511 8.6513 3
    endloop
  endfacet
  facet normal 0 0 1
    outer loop
      vertex 8.6513 8.96511 3
      vertex 0 0 3
      vertex 8.79792 8.79792 3
    endloop
  endfacet
  facet normal 0 0 1
    outer loop
      vertex 8.52776 9.15 3
      vertex 0 0 3
      vertex 8.6513 8.96511 3
    endloop
  endfacet
  facet normal 0 0 1
    outer loop
      vertex 8.4294 9.34944 3
      vertex 0 0 3
      vertex 8.52776 9.15 3
    endloop
  endfacet
  facet normal 0 0 1
    outer loop
      vertex 8.35793 9.56001 3
      vertex 0 0 3
      vertex 8.4294 9.34944 3
    endloop
  endfacet
  facet normal 0 0 1
    outer loop
      vertex 8.31454 9.7781 3
      vertex 0 0 3
      vertex 8.35793 9.56001 3
    endloop
  endfacet
  facet normal 0 0 1
    outer loop
      vertex 8.3 10 3
      vertex 0 0 3
      vertex 8.31454 9.7781 3
    endloop
  endfacet
  facet normal 0 0 1
    outer loop
      vertex 8.31454 10.2219 3
      vertex 0 0 3
      vertex 8.3 10 3
    endloop
  endfacet
  facet normal -0 0 -1
    outer loop
      vertex 46 55.8 0
      vertex 11.5706 10.6506 0
      vertex 40 55.8 0
    endloop
  endfacet
  facet normal 0 0 -1
    outer loop
      vertex 40 85.8 0
      vertex 11.6855 131.378 0
      vertex 11.7 131.6 0
    endloop
  endfacet
  facet normal 0 0 -1
    outer loop
      vertex 11.4722 10.85 0
      vertex 40 55.8 0
      vertex 11.5706 10.6506 0
    endloop
  endfacet
  facet normal 0 0 -1
    outer loop
      vertex 40 85.8 0
      vertex 11.6421 131.16 0
      vertex 11.6855 131.378 0
    endloop
  endfacet
  facet normal 0 0 -1
    outer loop
      vertex 11.3487 11.0349 0
      vertex 40 55.8 0
      vertex 11.4722 10.85 0
    endloop
  endfacet
  facet normal 0 0 -1
    outer loop
      vertex 40 85.8 0
      vertex 11.5706 130.949 0
      vertex 11.6421 131.16 0
    endloop
  endfacet
  facet normal 0 0 -1
    outer loop
      vertex 11.2021 11.2021 0
      vertex 40 55.8 0
      vertex 11.3487 11.0349 0
    endloop
  endfacet
  facet normal 0 0 -1
    outer loop
      vertex 40 85.8 0
      vertex 11.4722 130.75 0
      vertex 11.5706 130.949 0
    endloop
  endfacet
  facet normal 0 0 -1
    outer loop
      vertex 11.0349 11.3487 0
      vertex 40 55.8 0
      vertex 11.2021 11.2021 0
    endloop
  endfacet
  facet normal 0 0 -1
    outer loop
      vertex 40 85.8 0
      vertex 11.3487 130.565 0
      vertex 11.4722 130.75 0
    endloop
  endfacet
  facet normal 0 0 -1
    outer loop
      vertex 10.85 11.4722 0
      vertex 40 55.8 0
      vertex 11.0349 11.3487 0
    endloop
  endfacet
  facet normal 0 0 -1
    outer loop
      vertex 40 85.8 0
      vertex 11.2021 130.398 0
      vertex 11.3487 130.565 0
    endloop
  endfacet
  facet normal 0 0 -1
    outer loop
      vertex 10.6506 11.5706 0
      vertex 40 55.8 0
      vertex 10.85 11.4722 0
    endloop
  endfacet
  facet normal 0 0 -1
    outer loop
      vertex 40 85.8 0
      vertex 11.0349 130.251 0
      vertex 11.2021 130.398 0
    endloop
  endfacet
  facet normal 0 0 -1
    outer loop
      vertex 10.44 11.6421 0
      vertex 40 55.8 0
      vertex 10.6506 11.5706 0
    endloop
  endfacet
  facet normal 0 0 -1
    outer loop
      vertex 40 85.8 0
      vertex 10.85 130.128 0
      vertex 11.0349 130.251 0
    endloop
  endfacet
  facet normal 0 0 -1
    outer loop
      vertex 10.2219 11.6855 0
      vertex 40 55.8 0
      vertex 10.44 11.6421 0
    endloop
  endfacet
  facet normal 0 0 -1
    outer loop
      vertex 40 85.8 0
      vertex 10.6506 130.029 0
      vertex 10.85 130.128 0
    endloop
  endfacet
  facet normal 0 0 -1
    outer loop
      vertex 10 11.7 0
      vertex 40 55.8 0
      vertex 10.2219 11.6855 0
    endloop
  endfacet
  facet normal 0 0 -1
    outer loop
      vertex 40 85.8 0
      vertex 10.44 129.958 0
      vertex 10.6506 130.029 0
    endloop
  endfacet
  facet normal 0 0 -1
    outer loop
      vertex 9.7781 11.6855 0
      vertex 40 55.8 0
      vertex 10 11.7 0
    endloop
  endfacet
  facet normal 0 0 -1
    outer loop
      vertex 40 85.8 0
      vertex 10.2219 129.915 0
      vertex 10.44 129.958 0
    endloop
  endfacet
  facet normal 0 0 -1
    outer loop
      vertex 9.56001 11.6421 0
      vertex 40 55.8 0
      vertex 9.7781 11.6855 0
    endloop
  endfacet
  facet normal 0 0 -1
    outer loop
      vertex 40 85.8 0
      vertex 10 129.9 0
      vertex 10.2219 129.915 0
    endloop
  endfacet
  facet normal 0 0 -1
    outer loop
      vertex 9.34944 11.5706 0
      vertex 40 55.8 0
      vertex 9.56001 11.6421 0
    endloop
  endfacet
  facet normal 0 0 -1
    outer loop
      vertex 40 85.8 0
      vertex 9.7781 129.915 0
      vertex 10 129.9 0
    endloop
  endfacet
  facet normal 0 0 -1
    outer loop
      vertex 9.15 11.4722 0
      vertex 40 55.8 0
      vertex 9.34944 11.5706 0
    endloop
  endfacet
  facet normal 0 0 -1
    outer loop
      vertex 40 85.8 0
      vertex 9.56001 129.958 0
      vertex 9.7781 129.915 0
    endloop
  endfacet
  facet normal -0 0 -1
    outer loop
      vertex 40 55.8 0
      vertex 9.15 11.4722 0
      vertex 40 85.8 0
    endloop
  endfacet
  facet normal 0 0 -1
    outer loop
      vertex 40 85.8 0
      vertex 9.34944 130.029 0
      vertex 9.56001 129.958 0
    endloop
  endfacet
  facet normal 0 0 -1
    outer loop
      vertex 9.15 130.128 0
      vertex 40 85.8 0
      vertex 9.15 11.4722 0
    endloop
  endfacet
  facet normal 0 0 -1
    outer loop
      vertex 40 85.8 0
      vertex 9.15 130.128 0
      vertex 9.34944 130.029 0
    endloop
  endfacet
  facet normal 0 0 -1
    outer loop
      vertex 8.96511 11.3487 0
      vertex 9.15 130.128 0
      vertex 9.15 11.4722 0
    endloop
  endfacet
  facet normal 0 0 -1
    outer loop
      vertex 8.96511 11.3487 0
      vertex 8.96511 130.251 0
      vertex 9.15 130.128 0
    endloop
  endfacet
  facet normal 0 0 -1
    outer loop
      vertex 8.79792 11.2021 0
      vertex 8.96511 130.251 0
      vertex 8.96511 11.3487 0
    endloop
  endfacet
  facet normal 0 0 -1
    outer loop
      vertex 8.79792 11.2021 0
      vertex 8.79792 130.398 0
      vertex 8.96511 130.251 0
    endloop
  endfacet
  facet normal 0 0 -1
    outer loop
      vertex 8.6513 11.0349 0
      vertex 8.79792 130.398 0
      vertex 8.79792 11.2021 0
    endloop
  endfacet
  facet normal 0 0 -1
    outer loop
      vertex 8.6513 11.0349 0
      vertex 8.6513 130.565 0
      vertex 8.79792 130.398 0
    endloop
  endfacet
  facet normal 0 0 -1
    outer loop
      vertex 0 0 0
      vertex 8.6513 11.0349 0
      vertex 8.52776 10.85 0
    endloop
  endfacet
  facet normal -0 0 -1
    outer loop
      vertex 8.6513 11.0349 0
      vertex 0 0 0
      vertex 8.6513 130.565 0
    endloop
  endfacet
  facet normal 0 0 -1
    outer loop
      vertex 0 0 0
      vertex 8.52776 10.85 0
      vertex 8.4294 10.6506 0
    endloop
  endfacet
  facet normal 0 0 -1
    outer loop
      vertex 0 141.6 0
      vertex 8.6513 130.565 0
      vertex 0 0 0
    endloop
  endfacet
  facet normal 0 0 -1
    outer loop
      vertex 0 0 0
      vertex 8.4294 10.6506 0
      vertex 8.35793 10.44 0
    endloop
  endfacet
  facet normal 0 0 -1
    outer loop
      vertex 8.6513 130.565 0
      vertex 0 141.6 0
      vertex 8.52776 130.75 0
    endloop
  endfacet
  facet normal 0 0 -1
    outer loop
      vertex 0 0 0
      vertex 8.35793 10.44 0
      vertex 8.31454 10.2219 0
    endloop
  endfacet
  facet normal 0 0 -1
    outer loop
      vertex 8.52776 130.75 0
      vertex 0 141.6 0
      vertex 8.4294 130.949 0
    endloop
  endfacet
  facet normal 0 0 -1
    outer loop
      vertex 0 0 0
      vertex 8.31454 10.2219 0
      vertex 8.3 10 0
    endloop
  endfacet
  facet normal 0 0 -1
    outer loop
      vertex 8.4294 130.949 0
      vertex 0 141.6 0
      vertex 8.35793 131.16 0
    endloop
  endfacet
  facet normal 0 0 -1
    outer loop
      vertex 283.171 10.6506 0
      vertex 291.6 0 0
      vertex 283.242 10.44 0
    endloop
  endfacet
  facet normal 0 0 -1
    outer loop
      vertex 291.6 141.6 0
      vertex 283.285 131.378 0
      vertex 283.3 131.6 0
    endloop
  endfacet
  facet normal 0 0 -1
    outer loop
      vertex 283.072 10.85 0
      vertex 291.6 0 0
      vertex 283.171 10.6506 0
    endloop
  endfacet
  facet normal 0 0 -1
    outer loop
      vertex 291.6 141.6 0
      vertex 283.242 131.16 0
      vertex 283.285 131.378 0
    endloop
  endfacet
  facet normal 0 0 -1
    outer loop
      vertex 282.949 11.0349 0
      vertex 291.6 0 0
      vertex 283.072 10.85 0
    endloop
  endfacet
  facet normal 0 0 -1
    outer loop
      vertex 291.6 141.6 0
      vertex 283.171 130.949 0
      vertex 283.242 131.16 0
    endloop
  endfacet
  facet normal 0 0 -1
    outer loop
      vertex 291.6 0 0
      vertex 282.949 11.0349 0
      vertex 291.6 141.6 0
    endloop
  endfacet
  facet normal 0 0 -1
    outer loop
      vertex 291.6 141.6 0
      vertex 283.072 130.75 0
      vertex 283.171 130.949 0
    endloop
  endfacet
  facet normal 0 0 -1
    outer loop
      vertex 282.949 130.565 0
      vertex 291.6 141.6 0
      vertex 282.949 11.0349 0
    endloop
  endfacet
  facet normal 0 0 -1
    outer loop
      vertex 291.6 141.6 0
      vertex 282.949 130.565 0
      vertex 283.072 130.75 0
    endloop
  endfacet
  facet normal 0 0 -1
    outer loop
      vertex 282.802 11.2021 0
      vertex 282.949 130.565 0
      vertex 282.949 11.0349 0
    endloop
  endfacet
  facet normal 0 0 -1
    outer loop
      vertex 282.802 11.2021 0
      vertex 282.802 130.398 0
      vertex 282.949 130.565 0
    endloop
  endfacet
  facet normal 0 0 -1
    outer loop
      vertex 282.635 11.3487 0
      vertex 282.802 130.398 0
      vertex 282.802 11.2021 0
    endloop
  endfacet
  facet normal 0 0 -1
    outer loop
      vertex 282.635 11.3487 0
      vertex 282.635 130.251 0
      vertex 282.802 130.398 0
    endloop
  endfacet
  facet normal 0 0 -1
    outer loop
      vertex 282.45 11.4722 0
      vertex 282.635 130.251 0
      vertex 282.635 11.3487 0
    endloop
  endfacet
  facet normal 0 0 -1
    outer loop
      vertex 282.45 11.4722 0
      vertex 282.45 130.128 0
      vertex 282.635 130.251 0
    endloop
  endfacet
  facet normal 0 0 -1
    outer loop
      vertex 282.251 11.5706 0
      vertex 282.45 130.128 0
      vertex 282.45 11.4722 0
    endloop
  endfacet
  facet normal 0 0 -1
    outer loop
      vertex 282.251 11.5706 0
      vertex 282.251 130.029 0
      vertex 282.45 130.128 0
    endloop
  endfacet
  facet normal 0 0 -1
    outer loop
      vertex 282.04 11.6421 0
      vertex 282.251 130.029 0
      vertex 282.251 11.5706 0
    endloop
  endfacet
  facet normal 0 0 -1
    outer loop
      vertex 282.04 11.6421 0
      vertex 282.04 129.958 0
      vertex 282.251 130.029 0
    endloop
  endfacet
  facet normal 0 0 -1
    outer loop
      vertex 281.822 11.6855 0
      vertex 282.04 129.958 0
      vertex 282.04 11.6421 0
    endloop
  endfacet
  facet normal 0 0 -1
    outer loop
      vertex 281.822 11.6855 0
      vertex 281.822 129.915 0
      vertex 282.04 129.958 0
    endloop
  endfacet
  facet normal 0 0 -1
    outer loop
      vertex 281.6 11.7 0
      vertex 281.822 129.915 0
      vertex 281.822 11.6855 0
    endloop
  endfacet
  facet normal 0 0 -1
    outer loop
      vertex 281.6 11.7 0
      vertex 281.6 129.9 0
      vertex 281.822 129.915 0
    endloop
  endfacet
  facet normal 0 0 -1
    outer loop
      vertex 221 55.8 0
      vertex 281.6 11.7 0
      vertex 281.378 11.6855 0
    endloop
  endfacet
  facet normal 0 0 -1
    outer loop
      vertex 281.6 11.7 0
      vertex 221 55.8 0
      vertex 281.6 129.9 0
    endloop
  endfacet
  facet normal 0 0 -1
    outer loop
      vertex 221 55.8 0
      vertex 281.378 11.6855 0
      vertex 281.16 11.6421 0
    endloop
  endfacet
  facet normal 0 0 -1
    outer loop
      vertex 221 85.8 0
      vertex 281.6 129.9 0
      vertex 221 55.8 0
    endloop
  endfacet
  facet normal 0 0 -1
    outer loop
      vertex 221 55.8 0
      vertex 281.16 11.6421 0
      vertex 280.949 11.5706 0
    endloop
  endfacet
  facet normal -0 0 -1
    outer loop
      vertex 281.6 129.9 0
      vertex 221 85.8 0
      vertex 281.378 129.915 0
    endloop
  endfacet
  facet normal 0 0 -1
    outer loop
      vertex 221 55.8 0
      vertex 280.949 11.5706 0
      vertex 280.75 11.4722 0
    endloop
  endfacet
  facet normal -0 0 -1
    outer loop
      vertex 281.378 129.915 0
      vertex 221 85.8 0
      vertex 281.16 129.958 0
    endloop
  endfacet
  facet normal 0 0 -1
    outer loop
      vertex 221 55.8 0
      vertex 280.75 11.4722 0
      vertex 280.565 11.3487 0
    endloop
  endfacet
  facet normal -0 0 -1
    outer loop
      vertex 281.16 129.958 0
      vertex 221 85.8 0
      vertex 280.949 130.029 0
    endloop
  endfacet
  facet normal 0 0 -1
    outer loop
      vertex 221 55.8 0
      vertex 280.565 11.3487 0
      vertex 280.398 11.2021 0
    endloop
  endfacet
  facet normal -0 0 -1
    outer loop
      vertex 280.949 130.029 0
      vertex 221 85.8 0
      vertex 280.75 130.128 0
    endloop
  endfacet
  facet normal 0 0 -1
    outer loop
      vertex 221 55.8 0
      vertex 280.398 11.2021 0
      vertex 280.251 11.0349 0
    endloop
  endfacet
  facet normal -0 0 -1
    outer loop
      vertex 280.75 130.128 0
      vertex 221 85.8 0
      vertex 280.565 130.251 0
    endloop
  endfacet
  facet normal 0 0 -1
    outer loop
      vertex 221 55.8 0
      vertex 280.251 11.0349 0
      vertex 280.128 10.85 0
    endloop
  endfacet
  facet normal -0 0 -1
    outer loop
      vertex 280.565 130.251 0
      vertex 221 85.8 0
      vertex 280.398 130.398 0
    endloop
  endfacet
  facet normal 0 0 -1
    outer loop
      vertex 221 55.8 0
      vertex 280.128 10.85 0
      vertex 280.029 10.6506 0
    endloop
  endfacet
  facet normal -0 0 -1
    outer loop
      vertex 280.398 130.398 0
      vertex 221 85.8 0
      vertex 280.251 130.565 0
    endloop
  endfacet
  facet normal 0 0 -1
    outer loop
      vertex 221 55.8 0
      vertex 280.029 10.6506 0
      vertex 279.958 10.44 0
    endloop
  endfacet
  facet normal -0 0 -1
    outer loop
      vertex 280.251 130.565 0
      vertex 221 85.8 0
      vertex 280.128 130.75 0
    endloop
  endfacet
  facet normal 0 0 -1
    outer loop
      vertex 221 55.8 0
      vertex 279.958 10.44 0
      vertex 279.915 10.2219 0
    endloop
  endfacet
  facet normal -0 0 -1
    outer loop
      vertex 280.128 130.75 0
      vertex 221 85.8 0
      vertex 280.029 130.949 0
    endloop
  endfacet
  facet normal 0 0 -1
    outer loop
      vertex 221 55.8 0
      vertex 279.915 10.2219 0
      vertex 279.9 10 0
    endloop
  endfacet
  facet normal -0 0 -1
    outer loop
      vertex 280.029 130.949 0
      vertex 221 85.8 0
      vertex 279.958 131.16 0
    endloop
  endfacet
  facet normal 0 0 -1
    outer loop
      vertex 283.285 10.2219 0
      vertex 291.6 0 0
      vertex 283.3 10 0
    endloop
  endfacet
  facet normal 0 0 -1
    outer loop
      vertex 291.6 0 0
      vertex 283.285 9.7781 0
      vertex 283.3 10 0
    endloop
  endfacet
  facet normal 0 0 -1
    outer loop
      vertex 291.6 0 0
      vertex 283.242 9.56001 0
      vertex 283.285 9.7781 0
    endloop
  endfacet
  facet normal 0 0 -1
    outer loop
      vertex 291.6 0 0
      vertex 283.171 9.34944 0
      vertex 283.242 9.56001 0
    endloop
  endfacet
  facet normal 0 0 -1
    outer loop
      vertex 291.6 0 0
      vertex 283.072 9.15 0
      vertex 283.171 9.34944 0
    endloop
  endfacet
  facet normal 0 0 -1
    outer loop
      vertex 291.6 0 0
      vertex 282.949 8.96511 0
      vertex 283.072 9.15 0
    endloop
  endfacet
  facet normal 0 0 -1
    outer loop
      vertex 291.6 0 0
      vertex 282.802 8.79792 0
      vertex 282.949 8.96511 0
    endloop
  endfacet
  facet normal 0 0 -1
    outer loop
      vertex 291.6 0 0
      vertex 282.635 8.6513 0
      vertex 282.802 8.79792 0
    endloop
  endfacet
  facet normal 0 0 -1
    outer loop
      vertex 291.6 0 0
      vertex 282.45 8.52776 0
      vertex 282.635 8.6513 0
    endloop
  endfacet
  facet normal 0 0 -1
    outer loop
      vertex 291.6 0 0
      vertex 282.251 8.4294 0
      vertex 282.45 8.52776 0
    endloop
  endfacet
  facet normal 0 0 -1
    outer loop
      vertex 291.6 0 0
      vertex 282.04 8.35793 0
      vertex 282.251 8.4294 0
    endloop
  endfacet
  facet normal 0 0 -1
    outer loop
      vertex 291.6 0 0
      vertex 281.822 8.31454 0
      vertex 282.04 8.35793 0
    endloop
  endfacet
  facet normal 0 0 -1
    outer loop
      vertex 291.6 0 0
      vertex 281.6 8.3 0
      vertex 281.822 8.31454 0
    endloop
  endfacet
  facet normal 0 0 -1
    outer loop
      vertex 291.6 0 0
      vertex 281.378 8.31454 0
      vertex 281.6 8.3 0
    endloop
  endfacet
  facet normal 0 0 -1
    outer loop
      vertex 291.6 0 0
      vertex 281.16 8.35793 0
      vertex 281.378 8.31454 0
    endloop
  endfacet
  facet normal 0 0 -1
    outer loop
      vertex 291.6 0 0
      vertex 280.949 8.4294 0
      vertex 281.16 8.35793 0
    endloop
  endfacet
  facet normal 0 0 -1
    outer loop
      vertex 291.6 0 0
      vertex 280.75 8.52776 0
      vertex 280.949 8.4294 0
    endloop
  endfacet
  facet normal 0 0 -1
    outer loop
      vertex 291.6 0 0
      vertex 280.565 8.6513 0
      vertex 280.75 8.52776 0
    endloop
  endfacet
  facet normal -0 0 -1
    outer loop
      vertex 279.958 131.16 0
      vertex 221 85.8 0
      vertex 279.915 131.378 0
    endloop
  endfacet
  facet normal 0 0 -1
    outer loop
      vertex 279.915 9.7781 0
      vertex 221 55.8 0
      vertex 279.9 10 0
    endloop
  endfacet
  facet normal 0 0 -1
    outer loop
      vertex 279.958 9.56001 0
      vertex 221 55.8 0
      vertex 279.915 9.7781 0
    endloop
  endfacet
  facet normal 0 0 -1
    outer loop
      vertex 215 55.8 0
      vertex 279.958 9.56001 0
      vertex 280.029 9.34944 0
    endloop
  endfacet
  facet normal 0 0 -1
    outer loop
      vertex 215 55.8 0
      vertex 280.029 9.34944 0
      vertex 280.128 9.15 0
    endloop
  endfacet
  facet normal 0 0 -1
    outer loop
      vertex 186 55.8 0
      vertex 280.128 9.15 0
      vertex 280.251 8.96511 0
    endloop
  endfacet
  facet normal 0 0 -1
    outer loop
      vertex 180 55.8 0
      vertex 280.251 8.96511 0
      vertex 280.398 8.79792 0
    endloop
  endfacet
  facet normal 0 0 -1
    outer loop
      vertex 151 55.8 0
      vertex 280.398 8.79792 0
      vertex 280.565 8.6513 0
    endloop
  endfacet
  facet normal 0 0 -1
    outer loop
      vertex 279.958 9.56001 0
      vertex 215 55.8 0
      vertex 221 55.8 0
    endloop
  endfacet
  facet normal 0 0 -1
    outer loop
      vertex 11.0349 8.6513 0
      vertex 280.565 8.6513 0
      vertex 291.6 0 0
    endloop
  endfacet
  facet normal 0 0 -1
    outer loop
      vertex 215 55.8 0
      vertex 186 55.8 0
      vertex 215 85.8 0
    endloop
  endfacet
  facet normal 0 0 -1
    outer loop
      vertex 280.128 9.15 0
      vertex 186 55.8 0
      vertex 215 55.8 0
    endloop
  endfacet
  facet normal 0 0 -1
    outer loop
      vertex 280.251 8.96511 0
      vertex 180 55.8 0
      vertex 186 55.8 0
    endloop
  endfacet
  facet normal 0 0 -1
    outer loop
      vertex 180 55.8 0
      vertex 151 55.8 0
      vertex 180 85.8 0
    endloop
  endfacet
  facet normal 0 0 -1
    outer loop
      vertex 280.398 8.79792 0
      vertex 151 55.8 0
      vertex 180 55.8 0
    endloop
  endfacet
  facet normal 0 0 -1
    outer loop
      vertex 280.565 8.6513 0
      vertex 145 55.8 0
      vertex 151 55.8 0
    endloop
  endfacet
  facet normal 0 0 -1
    outer loop
      vertex 145 55.8 0
      vertex 116 55.8 0
      vertex 145 85.8 0
    endloop
  endfacet
  facet normal 0 0 -1
    outer loop
      vertex 280.565 8.6513 0
      vertex 11.0349 8.6513 0
      vertex 145 55.8 0
    endloop
  endfacet
  facet normal 0 -0 -1
    outer loop
      vertex 11.2021 8.79792 0
      vertex 145 55.8 0
      vertex 11.0349 8.6513 0
    endloop
  endfacet
  facet normal 0 0 -1
    outer loop
      vertex 110 55.8 0
      vertex 81 55.8 0
      vertex 110 85.8 0
    endloop
  endfacet
  facet normal 0 -0 -1
    outer loop
      vertex 11.3487 8.96511 0
      vertex 116 55.8 0
      vertex 11.2021 8.79792 0
    endloop
  endfacet
  facet normal -0 0 -1
    outer loop
      vertex 116 55.8 0
      vertex 11.3487 8.96511 0
      vertex 110 55.8 0
    endloop
  endfacet
  facet normal 0 0 -1
    outer loop
      vertex 75 55.8 0
      vertex 46 55.8 0
      vertex 75 85.8 0
    endloop
  endfacet
  facet normal -0 0 -1
    outer loop
      vertex 110 55.8 0
      vertex 11.4722 9.15 0
      vertex 81 55.8 0
    endloop
  endfacet
  facet normal 0 -0 -1
    outer loop
      vertex 11.6421 9.56001 0
      vertex 75 55.8 0
      vertex 11.5706 9.34944 0
    endloop
  endfacet
  facet normal 0 0 -1
    outer loop
      vertex 11.6421 10.44 0
      vertex 46 55.8 0
      vertex 11.6855 10.2219 0
    endloop
  endfacet
  facet normal 0 -0 -1
    outer loop
      vertex 11.6855 9.7781 0
      vertex 75 55.8 0
      vertex 11.6421 9.56001 0
    endloop
  endfacet
  facet normal 0 0 -1
    outer loop
      vertex 11.6855 10.2219 0
      vertex 46 55.8 0
      vertex 11.7 10 0
    endloop
  endfacet
  facet normal -0 0 -1
    outer loop
      vertex 75 55.8 0
      vertex 11.7 10 0
      vertex 46 55.8 0
    endloop
  endfacet
  facet normal 0 -0 -1
    outer loop
      vertex 11.7 10 0
      vertex 75 55.8 0
      vertex 11.6855 9.7781 0
    endloop
  endfacet
  facet normal -0 0 -1
    outer loop
      vertex 81 55.8 0
      vertex 11.5706 9.34944 0
      vertex 75 55.8 0
    endloop
  endfacet
  facet normal 0 -0 -1
    outer loop
      vertex 11.5706 9.34944 0
      vertex 81 55.8 0
      vertex 11.4722 9.15 0
    endloop
  endfacet
  facet normal 0 -0 -1
    outer loop
      vertex 11.4722 9.15 0
      vertex 110 55.8 0
      vertex 11.3487 8.96511 0
    endloop
  endfacet
  facet normal -0 0 -1
    outer loop
      vertex 145 55.8 0
      vertex 11.2021 8.79792 0
      vertex 116 55.8 0
    endloop
  endfacet
  facet normal 0 0 -1
    outer loop
      vertex 0 0 0
      vertex 11.0349 8.6513 0
      vertex 291.6 0 0
    endloop
  endfacet
  facet normal 0 0 -1
    outer loop
      vertex 11.0349 8.6513 0
      vertex 0 0 0
      vertex 10.85 8.52776 0
    endloop
  endfacet
  facet normal 0 0 -1
    outer loop
      vertex 10.85 8.52776 0
      vertex 0 0 0
      vertex 10.6506 8.4294 0
    endloop
  endfacet
  facet normal 0 0 -1
    outer loop
      vertex 10.6506 8.4294 0
      vertex 0 0 0
      vertex 10.44 8.35793 0
    endloop
  endfacet
  facet normal 0 0 -1
    outer loop
      vertex 10.44 8.35793 0
      vertex 0 0 0
      vertex 10.2219 8.31454 0
    endloop
  endfacet
  facet normal 0 0 -1
    outer loop
      vertex 8.35793 131.16 0
      vertex 0 141.6 0
      vertex 8.31454 131.378 0
    endloop
  endfacet
  facet normal -0 0 -1
    outer loop
      vertex 8.31454 9.7781 0
      vertex 0 0 0
      vertex 8.3 10 0
    endloop
  endfacet
  facet normal -0 0 -1
    outer loop
      vertex 8.35793 9.56001 0
      vertex 0 0 0
      vertex 8.31454 9.7781 0
    endloop
  endfacet
  facet normal -0 0 -1
    outer loop
      vertex 8.4294 9.34944 0
      vertex 0 0 0
      vertex 8.35793 9.56001 0
    endloop
  endfacet
  facet normal -0 0 -1
    outer loop
      vertex 8.52776 9.15 0
      vertex 0 0 0
      vertex 8.4294 9.34944 0
    endloop
  endfacet
  facet normal -0 0 -1
    outer loop
      vertex 8.6513 8.96511 0
      vertex 0 0 0
      vertex 8.52776 9.15 0
    endloop
  endfacet
  facet normal -0 0 -1
    outer loop
      vertex 8.79792 8.79792 0
      vertex 0 0 0
      vertex 8.6513 8.96511 0
    endloop
  endfacet
  facet normal -0 0 -1
    outer loop
      vertex 8.96511 8.6513 0
      vertex 0 0 0
      vertex 8.79792 8.79792 0
    endloop
  endfacet
  facet normal -0 0 -1
    outer loop
      vertex 9.15 8.52776 0
      vertex 0 0 0
      vertex 8.96511 8.6513 0
    endloop
  endfacet
  facet normal -0 0 -1
    outer loop
      vertex 9.34944 8.4294 0
      vertex 0 0 0
      vertex 9.15 8.52776 0
    endloop
  endfacet
  facet normal -0 0 -1
    outer loop
      vertex 9.56001 8.35793 0
      vertex 0 0 0
      vertex 9.34944 8.4294 0
    endloop
  endfacet
  facet normal -0 0 -1
    outer loop
      vertex 9.7781 8.31454 0
      vertex 0 0 0
      vertex 9.56001 8.35793 0
    endloop
  endfacet
  facet normal -0 0 -1
    outer loop
      vertex 10 8.3 0
      vertex 0 0 0
      vertex 9.7781 8.31454 0
    endloop
  endfacet
  facet normal 0 0 -1
    outer loop
      vertex 10.2219 8.31454 0
      vertex 0 0 0
      vertex 10 8.3 0
    endloop
  endfacet
  facet normal 0 0 -1
    outer loop
      vertex 283.242 10.44 0
      vertex 291.6 0 0
      vertex 283.285 10.2219 0
    endloop
  endfacet
  facet normal 0 0 -1
    outer loop
      vertex 283.285 131.822 0
      vertex 291.6 141.6 0
      vertex 283.3 131.6 0
    endloop
  endfacet
  facet normal 0 0 -1
    outer loop
      vertex 283.242 132.04 0
      vertex 291.6 141.6 0
      vertex 283.285 131.822 0
    endloop
  endfacet
  facet normal 0 0 -1
    outer loop
      vertex 283.171 132.251 0
      vertex 291.6 141.6 0
      vertex 283.242 132.04 0
    endloop
  endfacet
  facet normal 0 0 -1
    outer loop
      vertex 283.072 132.45 0
      vertex 291.6 141.6 0
      vertex 283.171 132.251 0
    endloop
  endfacet
  facet normal 0 0 -1
    outer loop
      vertex 282.949 132.635 0
      vertex 291.6 141.6 0
      vertex 283.072 132.45 0
    endloop
  endfacet
  facet normal 0 0 -1
    outer loop
      vertex 282.802 132.802 0
      vertex 291.6 141.6 0
      vertex 282.949 132.635 0
    endloop
  endfacet
  facet normal 0 0 -1
    outer loop
      vertex 282.635 132.949 0
      vertex 291.6 141.6 0
      vertex 282.802 132.802 0
    endloop
  endfacet
  facet normal 0 0 -1
    outer loop
      vertex 282.45 133.072 0
      vertex 291.6 141.6 0
      vertex 282.635 132.949 0
    endloop
  endfacet
  facet normal 0 0 -1
    outer loop
      vertex 282.251 133.171 0
      vertex 291.6 141.6 0
      vertex 282.45 133.072 0
    endloop
  endfacet
  facet normal 0 0 -1
    outer loop
      vertex 282.04 133.242 0
      vertex 291.6 141.6 0
      vertex 282.251 133.171 0
    endloop
  endfacet
  facet normal 0 0 -1
    outer loop
      vertex 281.822 133.285 0
      vertex 291.6 141.6 0
      vertex 282.04 133.242 0
    endloop
  endfacet
  facet normal 0 0 -1
    outer loop
      vertex 281.6 133.3 0
      vertex 291.6 141.6 0
      vertex 281.822 133.285 0
    endloop
  endfacet
  facet normal 0 0 -1
    outer loop
      vertex 281.378 133.285 0
      vertex 291.6 141.6 0
      vertex 281.6 133.3 0
    endloop
  endfacet
  facet normal 0 0 -1
    outer loop
      vertex 281.16 133.242 0
      vertex 291.6 141.6 0
      vertex 281.378 133.285 0
    endloop
  endfacet
  facet normal 0 0 -1
    outer loop
      vertex 280.949 133.171 0
      vertex 291.6 141.6 0
      vertex 281.16 133.242 0
    endloop
  endfacet
  facet normal 0 0 -1
    outer loop
      vertex 280.75 133.072 0
      vertex 291.6 141.6 0
      vertex 280.949 133.171 0
    endloop
  endfacet
  facet normal 0 0 -1
    outer loop
      vertex 280.565 132.949 0
      vertex 291.6 141.6 0
      vertex 280.75 133.072 0
    endloop
  endfacet
  facet normal -0 0 -1
    outer loop
      vertex 279.915 131.378 0
      vertex 221 85.8 0
      vertex 279.9 131.6 0
    endloop
  endfacet
  facet normal -0 0 -1
    outer loop
      vertex 279.9 131.6 0
      vertex 221 85.8 0
      vertex 279.915 131.822 0
    endloop
  endfacet
  facet normal -0 0 -1
    outer loop
      vertex 279.915 131.822 0
      vertex 221 85.8 0
      vertex 279.958 132.04 0
    endloop
  endfacet
  facet normal 0 0 -1
    outer loop
      vertex 215 85.8 0
      vertex 279.958 132.04 0
      vertex 221 85.8 0
    endloop
  endfacet
  facet normal -0 0 -1
    outer loop
      vertex 279.958 132.04 0
      vertex 215 85.8 0
      vertex 280.029 132.251 0
    endloop
  endfacet
  facet normal -0 0 -1
    outer loop
      vertex 280.029 132.251 0
      vertex 215 85.8 0
      vertex 280.128 132.45 0
    endloop
  endfacet
  facet normal 0 0 -1
    outer loop
      vertex 186 85.8 0
      vertex 280.128 132.45 0
      vertex 215 85.8 0
    endloop
  endfacet
  facet normal -0 0 -1
    outer loop
      vertex 280.128 132.45 0
      vertex 186 85.8 0
      vertex 280.251 132.635 0
    endloop
  endfacet
  facet normal 0 0 -1
    outer loop
      vertex 180 85.8 0
      vertex 280.251 132.635 0
      vertex 186 85.8 0
    endloop
  endfacet
  facet normal -0 0 -1
    outer loop
      vertex 280.251 132.635 0
      vertex 180 85.8 0
      vertex 280.398 132.802 0
    endloop
  endfacet
  facet normal 0 0 -1
    outer loop
      vertex 186 85.8 0
      vertex 215 85.8 0
      vertex 186 55.8 0
    endloop
  endfacet
  facet normal 0 0 -1
    outer loop
      vertex 151 85.8 0
      vertex 280.398 132.802 0
      vertex 180 85.8 0
    endloop
  endfacet
  facet normal -0 0 -1
    outer loop
      vertex 280.398 132.802 0
      vertex 151 85.8 0
      vertex 280.565 132.949 0
    endloop
  endfacet
  facet normal 0 0 -1
    outer loop
      vertex 151 85.8 0
      vertex 180 85.8 0
      vertex 151 55.8 0
    endloop
  endfacet
  facet normal 0 0 -1
    outer loop
      vertex 145 85.8 0
      vertex 280.565 132.949 0
      vertex 151 85.8 0
    endloop
  endfacet
  facet normal 0 0 -1
    outer loop
      vertex 11.0349 132.949 0
      vertex 280.565 132.949 0
      vertex 145 85.8 0
    endloop
  endfacet
  facet normal 0 0 -1
    outer loop
      vertex 116 85.8 0
      vertex 145 85.8 0
      vertex 116 55.8 0
    endloop
  endfacet
  facet normal 0 0 -1
    outer loop
      vertex 11.2021 132.802 0
      vertex 145 85.8 0
      vertex 116 85.8 0
    endloop
  endfacet
  facet normal 0 0 -1
    outer loop
      vertex 11.3487 132.635 0
      vertex 116 85.8 0
      vertex 110 85.8 0
    endloop
  endfacet
  facet normal 0 0 -1
    outer loop
      vertex 81 85.8 0
      vertex 110 85.8 0
      vertex 81 55.8 0
    endloop
  endfacet
  facet normal 0 0 -1
    outer loop
      vertex 11.4722 132.45 0
      vertex 110 85.8 0
      vertex 81 85.8 0
    endloop
  endfacet
  facet normal 0 0 -1
    outer loop
      vertex 11.5706 132.251 0
      vertex 81 85.8 0
      vertex 75 85.8 0
    endloop
  endfacet
  facet normal 0 0 -1
    outer loop
      vertex 46 85.8 0
      vertex 75 85.8 0
      vertex 46 55.8 0
    endloop
  endfacet
  facet normal 0 0 -1
    outer loop
      vertex 11.7 131.6 0
      vertex 75 85.8 0
      vertex 46 85.8 0
    endloop
  endfacet
  facet normal 0 0 -1
    outer loop
      vertex 11.7 131.6 0
      vertex 46 85.8 0
      vertex 40 85.8 0
    endloop
  endfacet
  facet normal 0 0 -1
    outer loop
      vertex 11.5706 10.6506 0
      vertex 46 55.8 0
      vertex 11.6421 10.44 0
    endloop
  endfacet
  facet normal 0 0 -1
    outer loop
      vertex 75 85.8 0
      vertex 11.7 131.6 0
      vertex 11.6855 131.822 0
    endloop
  endfacet
  facet normal 0 0 -1
    outer loop
      vertex 75 85.8 0
      vertex 11.6855 131.822 0
      vertex 11.6421 132.04 0
    endloop
  endfacet
  facet normal 0 0 -1
    outer loop
      vertex 75 85.8 0
      vertex 11.6421 132.04 0
      vertex 11.5706 132.251 0
    endloop
  endfacet
  facet normal 0 0 -1
    outer loop
      vertex 81 85.8 0
      vertex 11.5706 132.251 0
      vertex 11.4722 132.45 0
    endloop
  endfacet
  facet normal 0 0 -1
    outer loop
      vertex 110 85.8 0
      vertex 11.4722 132.45 0
      vertex 11.3487 132.635 0
    endloop
  endfacet
  facet normal 0 0 -1
    outer loop
      vertex 116 85.8 0
      vertex 11.3487 132.635 0
      vertex 11.2021 132.802 0
    endloop
  endfacet
  facet normal 0 0 -1
    outer loop
      vertex 145 85.8 0
      vertex 11.2021 132.802 0
      vertex 11.0349 132.949 0
    endloop
  endfacet
  facet normal 0 0 -1
    outer loop
      vertex 280.565 132.949 0
      vertex 11.0349 132.949 0
      vertex 291.6 141.6 0
    endloop
  endfacet
  facet normal 0 0 -1
    outer loop
      vertex 0 141.6 0
      vertex 11.0349 132.949 0
      vertex 10.85 133.072 0
    endloop
  endfacet
  facet normal 0 0 -1
    outer loop
      vertex 0 141.6 0
      vertex 10.85 133.072 0
      vertex 10.6506 133.171 0
    endloop
  endfacet
  facet normal 0 0 -1
    outer loop
      vertex 0 141.6 0
      vertex 10.6506 133.171 0
      vertex 10.44 133.242 0
    endloop
  endfacet
  facet normal 0 0 -1
    outer loop
      vertex 0 141.6 0
      vertex 10.44 133.242 0
      vertex 10.2219 133.285 0
    endloop
  endfacet
  facet normal 0 0 -1
    outer loop
      vertex 0 141.6 0
      vertex 10.2219 133.285 0
      vertex 10 133.3 0
    endloop
  endfacet
  facet normal 0 0 -1
    outer loop
      vertex 11.0349 132.949 0
      vertex 0 141.6 0
      vertex 291.6 141.6 0
    endloop
  endfacet
  facet normal 0 0 -1
    outer loop
      vertex 9.7781 133.285 0
      vertex 0 141.6 0
      vertex 10 133.3 0
    endloop
  endfacet
  facet normal 0 0 -1
    outer loop
      vertex 9.56001 133.242 0
      vertex 0 141.6 0
      vertex 9.7781 133.285 0
    endloop
  endfacet
  facet normal 0 0 -1
    outer loop
      vertex 9.34944 133.171 0
      vertex 0 141.6 0
      vertex 9.56001 133.242 0
    endloop
  endfacet
  facet normal 0 0 -1
    outer loop
      vertex 9.15 133.072 0
      vertex 0 141.6 0
      vertex 9.34944 133.171 0
    endloop
  endfacet
  facet normal 0 0 -1
    outer loop
      vertex 8.96511 132.949 0
      vertex 0 141.6 0
      vertex 9.15 133.072 0
    endloop
  endfacet
  facet normal 0 0 -1
    outer loop
      vertex 8.79792 132.802 0
      vertex 0 141.6 0
      vertex 8.96511 132.949 0
    endloop
  endfacet
  facet normal 0 0 -1
    outer loop
      vertex 8.6513 132.635 0
      vertex 0 141.6 0
      vertex 8.79792 132.802 0
    endloop
  endfacet
  facet normal 0 0 -1
    outer loop
      vertex 8.52776 132.45 0
      vertex 0 141.6 0
      vertex 8.6513 132.635 0
    endloop
  endfacet
  facet normal 0 0 -1
    outer loop
      vertex 8.4294 132.251 0
      vertex 0 141.6 0
      vertex 8.52776 132.45 0
    endloop
  endfacet
  facet normal 0 0 -1
    outer loop
      vertex 8.35793 132.04 0
      vertex 0 141.6 0
      vertex 8.4294 132.251 0
    endloop
  endfacet
  facet normal 0 0 -1
    outer loop
      vertex 8.31454 131.822 0
      vertex 0 141.6 0
      vertex 8.35793 132.04 0
    endloop
  endfacet
  facet normal 0 0 -1
    outer loop
      vertex 8.3 131.6 0
      vertex 0 141.6 0
      vertex 8.31454 131.822 0
    endloop
  endfacet
  facet normal 0 0 -1
    outer loop
      vertex 8.31454 131.378 0
      vertex 0 141.6 0
      vertex 8.3 131.6 0
    endloop
  endfacet
  facet normal -1 0 0
    outer loop
      vertex 0 0 0
      vertex 0 141.6 3
      vertex 0 141.6 0
    endloop
  endfacet
  facet normal -1 -0 0
    outer loop
      vertex 0 141.6 3
      vertex 0 0 0
      vertex 0 0 3
    endloop
  endfacet
  facet normal 0 1 -0
    outer loop
      vertex 291.6 141.6 0
      vertex 0 141.6 3
      vertex 291.6 141.6 3
    endloop
  endfacet
  facet normal 0 1 0
    outer loop
      vertex 0 141.6 3
      vertex 291.6 141.6 0
      vertex 0 141.6 0
    endloop
  endfacet
  facet normal 0 -1 0
    outer loop
      vertex 0 0 0
      vertex 291.6 0 3
      vertex 0 0 3
    endloop
  endfacet
  facet normal 0 -1 -0
    outer loop
      vertex 291.6 0 3
      vertex 0 0 0
      vertex 291.6 0 0
    endloop
  endfacet
endsolid OpenSCAD_Model
